token,lemma
па́мятник,UNK
пу́шкину,UNK
на,на
бауманской,бауманский
улице,улица
в,в
москве,москва
—,UNK
скульптурное,скульптурный
изображение,изображение
(,UNK
бюст,бюст
),UNK
",",UNK
установленное,установить
на,на
месте,место
предполагаемого,предполагать
рождения,рождение
русского,русский
поэта,поэт
и,и
писателя,писатель
александра,александр
сергеевича,сергеевич
пушкина,пушкино
.,UNK
=,UNK
=,UNK
история,история
=,UNK
=,UNK
памятник,памятник
был,быть
сооружён,соорудить
вблизи,вблизи
того,тот
места,место
",",UNK
где,где
ранее,ранее
находился,находиться
дом,дом
по,по
немецкой,немецкий
(,UNK
ныне,ныне
—,UNK
бауманская,бауманский
),UNK
улице,улица
",",UNK
в,в
котором,который
",",UNK
как,как
предполагалось,предполагаться
",",UNK
26,UNK
мая,май
(,UNK
6,UNK
июня,июнь
),UNK
1799,UNK
года,год
родился,родиться
русский,русский
поэт,поэт
и,и
писатель,писатель
александр,александр
сергеевич,сергеевич
пушкин,пушкин
(,UNK
1799—1837,UNK
),UNK
.,UNK
более,более
поздние,поздний
исследования,исследование
",",UNK
проведённые,провести
уже,уже
после,после
установки,установка
памятника,памятник
",",UNK
показывают,показывать
",",UNK
что,что
место,место
рождения,рождение
пушкина,пушкин
скорее,скорый
находится,находиться
на,на
соседней,соседний
малой,малый
почтовой,почтовый
улице,улица
.,UNK
деревянный,деревянный
дом,дом
№,UNK
40,UNK
был,быть
снесён,снести
в,в
советское,советский
время,время
",",UNK
на,на
его,его
месте,место
была,быть
построена,построить
школа,школа
№,UNK
345,UNK
",",UNK
названная,назвать
именем,имя
пушкина,пушкино
.,UNK
памятник,памятник
был,быть
открыт,открыть
31,UNK
октября,октябрь
1967,UNK
года,год
.,UNK
=,UNK
=,UNK
описание,описание
=,UNK
=,UNK
памятник,памятник
был,быть
сооружён,соорудить
по,по
проекту,проект
скульптора,скульптор
екатерины,екатерина
белашовой,белашов
и,и
архитектора,архитектор
ю,ю
.,UNK
о,о
.,UNK
соколова,соколов
.,UNK
скульптурная,скульптурный
композиция,композиция
представляет,представлять
собой,себя
бронзовый,бронзовый
бюст,бюст
",",UNK
установленный,установить
на,на
высоком,высокий
четырёхгранном,четырехгранный
постаменте,постамент
из,из
полированного,полировать
гранита,гранит
.,UNK
отличие,отличие
памятника,памятник
от,от
многочисленных,многочисленный
других,другой
памятников,памятник
пушкину,пушкин
состоит,состоять
в,в
том,тот
",",UNK
что,что
он,он
изображает,изображать
поэта,поэт
в,в
юном,юный
возрасте,возраст
.,UNK
на,на
стене,стена
соседней,соседний
школы,школа
находится,находиться
мемориальная,мемориальный
доска,доска
из,из
красного,красный
гранита,гранит
с,с
бронзовым,бронзовый
барельефом,барельеф
пушкина,пушкин
",",UNK
созданная,создать
скульптором,скульптор
константином,константин
кошкиным,кошкин
.,UNK
на,на
мемориальной,мемориальный
доске,доска
находится,находиться
следующая,следующий
надпись,надпись
:,UNK
=,UNK
=,UNK
примечания,примечание
=,UNK
=,UNK
в,в
список,список
творческих,творческий
работ,работа
англо-американского,UNK
актёра,актер
кэри,кэри
гранта,грант
(,UNK
1904—1986,UNK
),UNK
входят,входить
работы,работа
в,в
кинематографе,кинематограф
",",UNK
в,в
театре,театр
и,и
на,на
радио,радио
",",UNK
которые,который
охватывают,охватывать
46,UNK
лет,год
его,его
актёрской,актерский
карьеры,карьера
(,UNK
с,с
1920,UNK
по,по
1966,UNK
год,год
),UNK
.,UNK
за,за
годы,год
кинокарьеры,кинокарьера
с,с
1932,UNK
по,по
1966,UNK
год,год
он,он
снялся,сняться
в,в
семидесяти,семьдесят
двух,два
полнометражных,полнометражный
фильмах,фильм
.,UNK
начав,начать
свою,свой
актёрскую,актерский
карьеру,карьера
в,в
1920-е,UNK
годы,год
с,с
участия,участие
в,в
водевилях,водевиль
и,и
на,на
бродвее,бродвей
",",UNK
в,в
1931,UNK
году,год
грант,грант
перебрался,перебраться
в,в
голливуд,голливуд
",",UNK
где,где
он,он
начал,начать
сниматься,сниматься
в,в
небольших,небольшой
ролях,роль
в,в
комедийных,комедийный
фильмах,фильм
и,и
драмах,драма
докодексового,докодексовый
периода,период
.,UNK
в,в
конце,конец
1930-х,UNK
годов,год
он,он
получил,получить
широкую,широкий
известность,известность
благодаря,благодаря
участию,участие
в,в
бурлескных,бурлескный
и,и
романтических,романтический
комедиях,комедия
.,UNK
в,в
период,период
с,с
1940-х,UNK
годов,год
до,до
середины,середина
1960-х,UNK
годов,год
",",UNK
грант,грант
активно,активно
снимался,сниматься
в,в
кино,кино
",",UNK
преимущественно,преимущественно
в,в
фильмах,фильм
альфреда,альфред
хичкока,хичкок
",",UNK
говарда,говард
хоукса,хоукса
",",UNK
сидни,сидень
шелдон,шелдон
и,и
стэнли,стэнли
донена,донен
.,UNK
ряд,ряд
кинокартин,кинокартина
с,с
участием,участие
актёра,актер
являются,являться
классикой,классика
американского,американский
кино,кино
",",UNK
а,а
десять,десять
фильмов,фильм
были,быть
внесены,внести
в,в
национальный,национальный
реестр,реестр
фильмов,фильм
библиотеки,библиотека
конгресса,конгресс
",",UNK
представляющих,представлять
культурное,культурный
",",UNK
историческое,исторический
или,или
эстетическое,эстетический
значение,значение
.,UNK
за,за
свою,свой
кинокарьеру,кинокарьера
грант,грант
дважды,дважды
был,быть
номинирован,номинировать
на,на
кинопремию,кинопремия
«,UNK
оскар,оскар
»,UNK
и,и
на,на
пять,пять
премий,премия
«,UNK
золотого,золотой
глобуса,глобус
»,UNK
",",UNK
а,а
также,также
считается,считаться
одним,один
из,из
самых,самый
выдающихся,выдающийся
актёров,актер
в,в
истории,история
американского,американский
кинематографа,кинематограф
и,и
«,UNK
золотого,золотой
века,век
»,UNK
голливуда,голливуд
.,UNK
=,UNK
=,UNK
начало,начало
карьеры,карьера
в,в
театре,театр
и,и
в,в
кино,кино
=,UNK
=,UNK
свой,свой
творческий,творческий
путь,путь
уроженец,уроженец
бристоля,бристоль
арчибальд,арчибальд
алек,алек
лич,лич
(,UNK
позже,поздний
сменивший,сменить
имя,имя
на,на
кэри,кэри
грант,грант
),UNK
начал,начать
в,в
подростковом,подростковый
возрасте,возраст
",",UNK
когда,когда
он,он
присоединился,присоединиться
к,к
водевильной,водевильный
труппе,труппа
боба,боб
пендера,пендер
.,UNK
в,в
труппе,труппа
его,он
обучали,обучать
акробатическим,акробатический
трюкам,трюк
",",UNK
хождению,хождение
на,на
ходулях,ходуля
и,и
пантомиме,пантомима
",",UNK
а,а
позже,поздний
выступал,выступать
с,с
ней,она
в,в
провинциальных,провинциальный
городах,город
англии,англии
.,UNK
в,в
1920,UNK
году,год
труппа,труппа
отправилась,отправиться
в,в
гастрольный,гастрольный
тур,тур
по,по
сша,сша
",",UNK
где,где
юный,юный
грант,грант
принимал,принимать
участие,участие
в,в
ревю,ревю
«,UNK
хорошие,хороший
времена,время
»,UNK
в,в
качестве,качество
одного,один
из,из
ходоков,ходок
на,на
ходулях,ходуля
.,UNK
постановка,постановка
длилась,длиться
девять,девять
месяцев,месяц
и,и
пользовалась,пользоваться
успехом,успех
у,у
зрителей,зритель
.,UNK
после,после
окончания,окончание
тура,тур
грант,грант
остался,остаться
в,в
сша,сша
и,и
в,в
течение,течение
нескольких,несколько
лет,год
гастролировал,гастролировать
по,по
стране,страна
с,с
акробатическими,акробатический
номерами,номер
.,UNK
в,в
1927,UNK
году,год
он,он
дебютировал,дебютировать
в,в
бродвейском,бродвейский
комедийном,комедийный
мюзикле,мюзикл
реджи,реджи
хаммерштейна,хаммерштейн
«,UNK
золотой,золотой
рассвет,рассвет
»,UNK
.,UNK
несмотря,несмотря
на,на
неоднозначную,неоднозначный
реакцию,реакция
критиков,критик
на,на
постановку,постановка
",",UNK
они,они
высоко,высоко
оценили,оценить
игру,игра
гранта,грант
",",UNK
назвав,назвать
его,он
«,UNK
компетентным,компетентный
молодым,молодой
новичком,новичок
»,UNK
.,UNK
в,в
1928,UNK
году,год
он,он
исполнил,исполнить
роль,роль
рекса,рекс
вана,ван
зиле,зиля
в,в
постановке,постановка
хаммерштейна,хаммерштейн
«,UNK
полли,полли
»,UNK
",",UNK
а,а
через,через
год,год
появился,появиться
с,с
небольшой,небольшой
ролью,роль
в,в
мюзикле,мюзикл
«,UNK
бум-бум,UNK
»,UNK
под,под
руководством,руководство
братьев,брат
шуберт,шуберт
.,UNK
с,с
1929,UNK
по,по
1931,UNK
год,год
грант,грант
продолжал,продолжать
выступать,выступать
в,в
различных,различный
театральных,театральный
постановках,постановка
братьев,брат
шуберт,шуберт
",",UNK
включая,включая
«,UNK
уличный,уличный
певец,певец
»,UNK
",",UNK
«,UNK
музыка,музыка
в,в
мае,май
»,UNK
и,и
«,UNK
нина,нина
роза,роза
»,UNK
",",UNK
пока,пока
не,не
был,быть
уволен,уволить
из-за,UNK
финансовых,финансовый
трудностей,трудность
театра,театр
.,UNK
позже,поздний
импресарио,импресарио
уильям,уильям
б,б
.,UNK
фридландер,фридландер
предложил,предложить
ему,он
роль,роль
в,в
своём,свой
мюзикле,мюзикл
«,UNK
никки,никки
»,UNK
",",UNK
но,но
после,после
тридцати,тридцать
девяти,девять
выступлений,выступление
спектакль,спектакль
был,быть
отменён,отменить
.,UNK
в,в
это,это
же,же
время,время
грант,грант
решил,решить
попробовать,попробовать
свои,свой
силы,сила
в,в
киноиндустрии,киноиндустрия
.,UNK
в,в
1931,UNK
году,год
он,он
отправился,отправиться
в,в
голливуд,голливуд
",",UNK
где,где
подписал,подписать
контракт,контракт
со,с
студией,студия
paramount,paramount
",",UNK
выбрав,выбрать
себе,себя
сценический,сценический
псевдоним,псевдоним
«,UNK
кэри,кэри
грант,грант
»,UNK
.,UNK
его,он
полнометражным,полнометражный
дебютом,дебют
стала,стать
комедия,комедия
«,UNK
эта,этот
ночь,ночь
»,UNK
(,UNK
1932,UNK
),UNK
",",UNK
где,где
он,он
сыграл,сыграть
второстепенного,второстепенный
персонажа,персонаж
—,UNK
спортсмена-метателя,UNK
копья,копье
стивена,стивен
мэтьюсона,мэтьюсон
.,UNK
в,в
том,тот
же,же
году,год
грант,грант
принял,принять
участие,участие
в,в
съёмках,съемка
«,UNK
белокурая,белокурый
венера,венера
»,UNK
с,с
марлен,марлен
дитрих,дитрих
",",UNK
«,UNK
дьявол,дьявол
и,и
глубина,глубина
»,UNK
с,с
таллула,таллул
бэнкхед,бэнкхед
и,и
«,UNK
мадам,мадам
баттерфляй,баттерфляй
»,UNK
с,с
сильвией,сильвия
сидни,сидень
.,UNK
эти,этот
работы,работа
не,не
принесли,принести
ему,он
широкой,широкий
известности,известность
",",UNK
но,но
закрепили,закрепить
за,за
ним,он
репутацию,репутация
одного,один
из,из
восходящих,восходящий
актёров,актер
голливуда,голливуд
.,UNK
с,с
1934,UNK
по,по
1935,UNK
год,год
последовали,последовать
провальные,провальный
фильмы,фильм
с,с
его,его
участием,участие
:,UNK
драма,драма
«,UNK
рождённая,рожденная
быть,быть
плохой,плохой
»,UNK
(,UNK
1934,UNK
),UNK
",",UNK
комедии,комедия
«,UNK
поцелуй,поцелуй
и,и
накрась,накрась
губы,губа
»,UNK
(,UNK
1934,UNK
),UNK
и,и
«,UNK
дамам,дама
стоит,стоить
послушать,послушать
»,UNK
(,UNK
1934,UNK
),UNK
",",UNK
а,а
также,также
приключенческая,приключенческий
мелодрама,мелодрама
«,UNK
крылья,крыло
во,в
тьме,тьма
»,UNK
(,UNK
1935,UNK
),UNK
с,с
мирной,мирный
лой,лой
.,UNK
в,в
этот,этот
же,же
период,период
вышла,выйти
романтическая,романтический
комедия,комедия
джорджа,джордж
кьюкора,кьюкор
«,UNK
сильвия,сильвия
скарлетт,скарлетта
»,UNK
(,UNK
1935,UNK
),UNK
",",UNK
где,где
грант,грант
предстал,предстать
в,в
роли,роль
мошенника,мошенник
джимми,джимми
монкли,монкли
в,в
паре,пара
с,с
кэтрин,кэтрин
хепбёрн,хепберн
.,UNK
несмотря,несмотря
на,на
неудачу,неудача
фильма,фильм
в,в
коммерческом,коммерческий
плане,план
",",UNK
игра,игра
гранта,грант
получила,получить
похвалу,похвала
критиков,критик
.,UNK
в,в
1936,UNK
году,год
",",UNK
когда,когда
истёк,истечь
срок,срок
контракта,контракт
с,с
paramount,paramount
",",UNK
грант,грант
заключил,заключить
совместный,совместный
контракт,контракт
с,с
rko,rko
и,и
columbia,columbia
pictures,pictures
",",UNK
что,что
позволило,позволить
ему,он
выбирать,выбирать
проекты,проект
",",UNK
которые,который
соответствовали,соответствовать
его,его
актёрскому,актерский
стилю,стиль
.,UNK
вскоре,вскоре
после,после
заключения,заключение
контрактов,контракт
он,он
появился,появиться
в,в
успешных,успешный
комедийных,комедийный
картинах,картина
",",UNK
ставших,стать
знаковыми,знаковый
в,в
его,его
карьере,карьера
:,UNK
«,UNK
топпер,топпер
»,UNK
(,UNK
1937,UNK
),UNK
с,с
констанс,констанс
беннетт,беннетт
и,и
роландом,роланд
янгом,янг
и,и
«,UNK
ужасная,ужасный
правда,правда
»,UNK
(,UNK
1937,UNK
),UNK
с,с
айрин,айрин
данн,данна
и,и
ральфом,ральф
беллами,белла
.,UNK
годом,год
позже,поздний
актёр,актер
вместе,вместе
с,с
кэтрин,кэтрин
хепбёрн,хепберн
снялся,сняться
в,в
двух,два
кинолентах,кинолента
:,UNK
«,UNK
воспитание,воспитание
крошки,крошка
»,UNK
и,и
«,UNK
праздник,праздник
»,UNK
.,UNK
несмотря,несмотря
на,на
благожелательные,благожелательный
отзывы,отзыв
критиков,критик
",",UNK
фильмы,фильм
были,быть
плохо,плохо
приняты,принять
публикой,публика
.,UNK
лишь,лишь
только,только
спустя,спустя
годы,год
«,UNK
воспитание,воспитание
крошки,крошка
»,UNK
обрёл,обрести
популярность,популярность
и,и
приобрёл,приобрести
культовый,культовый
статус,статус
.,UNK
в,в
1939,UNK
году,год
грант,грант
исполнил,исполнить
роли,роль
сержанта,сержант
британской,британский
армии,армия
арчибальда,арчибальд
каттера,каттер
в,в
приключенческом,приключенческий
фильме,фильм
«,UNK
ганга,ганг
дин,дин
»,UNK
",",UNK
пилота,пилот
джеффа,джефф
картера,картер
в,в
драме,драма
«,UNK
только,только
у,у
ангелов,ангел
есть,быть
крылья,крыло
»,UNK
и,и
богача,богач
алека,алек
уокера,уокер
в,в
мелодраме,мелодрама
«,UNK
лишь,лишь
на,на
словах,слово
»,UNK
.,UNK
с,с
начала,начало
кинокарьеры,кинокарьера
за,за
кэри,кэри
грантом,грант
закрепилось,закрепиться
амплуа,амплуа
«,UNK
красивого,красивый
",",UNK
ухоженного,ухоженный
светского,светский
человека,человек
с,с
необычным,необычный
акцентом,акцент
",",UNK
обладающего,обладать
безупречными,безупречный
манерами,манер
",",UNK
остроумием,остроумие
и,и
элегантностью,элегантность
»,UNK
на,на
многие,многий
годы,год
вперёд,вперед
.,UNK
также,также
отличительной,отличительный
особенностью,особенность
гранта,грант
являлся,являться
его,его
уникальный,уникальный
акцент,акцент
.,UNK
своеобразное,своеобразный
произношение,произношение
у,у
него,он
сформировалось,сформироваться
в,в
результате,результат
усердных,усердный
попыток,попытка
избавиться,избавиться
от,от
сильного,сильный
лондонского,лондонский
акцента,акцент
рабочего,рабочий
класса,класс
после,после
переезда,переезд
в,в
сша,сша
и,и
представляло,представлять
собой,себя
сочетание,сочетание
английского,английский
языка,язык
высшего,высокий
общества,общество
",",UNK
кокни,кокнуть
и,и
австралийского,австралийский
диалекта,диалект
.,UNK
годы,год
спустя,спустя
",",UNK
такой,такой
акцент,акцент
стал,стать
визитной,визитный
карточкой,карточка
актёра,актер
.,UNK
=,UNK
=,UNK
кинокарьера,кинокарьера
в,в
1940-х,UNK
годах,год
=,UNK
=,UNK
в,в
1940,UNK
году,год
грант,грант
снялся,сняться
в,в
романтической,романтический
комедии,комедия
говарда,говард
хоукса,хоукса
«,UNK
его,он
девушка,девушка
пятница,пятница
»,UNK
.,UNK
в,в
этой,этот
картине,картина
он,он
воплотил,воплотить
образ,образ
самоуверенного,самоуверенный
и,и
властолюбивого,властолюбивый
главного,главный
редактора,редактор
чикагской,чикагский
газеты,газета
",",UNK
стремящегося,стремиться
вернуть,вернуть
бывшую,бывший
супругу,супруг
и,и
лучшего,хороший
репортёра,репортер
",",UNK
сыгранную,сыграть
розалинд,розалинда
расселл,расселл
.,UNK
фильм,фильм
имел,иметь
большой,большой
коммерческий,коммерческий
успех,успех
",",UNK
как,как
следующие,следующий
фильмы,фильм
с,с
участием,участие
актёра,актер
:,UNK
«,UNK
моя,мой
любимая,любимый
супруга,супруг
»,UNK
(,UNK
1940,UNK
),UNK
с,с
айрин,айрин
данн,данна
и,и
«,UNK
филадельфийская,филадельфийский
история,история
»,UNK
(,UNK
1940,UNK
),UNK
с,с
кэтрин,кэтрин
хепбёрн,хепберн
и,и
джеймсом,джеймс
стюартом,стюарт
.,UNK
в,в
1941,UNK
году,год
грант,грант
исполнил,исполнить
роль,роль
журналиста,журналист
роджера,роджер
адамса,адамс
в,в
чрезвычайно,чрезвычайно
успешной,успешный
мелодраме,мелодрама
«,UNK
грошовая,грошовый
серенада,серенада
»,UNK
",",UNK
где,где
его,его
партнёршей,партнерша
в,в
третий,третий
раз,раз
стала,стать
актриса,актриса
айрин,айрин
данн,данна
.,UNK
фильм,фильм
был,быть
высоко,высоко
оценен,оценить
критиками,критик
и,и
принёс,принести
гранту,грант
первую,первый
номинацию,номинация
на,на
премию,премия
«,UNK
оскар,оскар
»,UNK
в,в
категории,категория
«,UNK
лучшая,хороший
мужская,мужской
роль,роль
»,UNK
.,UNK
в,в
том,тот
же,же
году,год
режиссёр,режиссер
альфред,альфред
хичкок,хичкок
впервые,впервые
пригласил,пригласить
актёра,актер
сняться,сняться
в,в
психологическом,психологический
триллере,триллер
«,UNK
подозрение,подозрение
»,UNK
",",UNK
что,что
положило,положить
начало,начало
их,их
сотрудничеству,сотрудничество
.,UNK
он,он
сыграл,сыграть
обаятельного,обаятельный
плейбоя,плейбой
джонни,джонни
эйсгарта,эйсгарт
",",UNK
который,который
женится,жениться
на,на
девушке,девушка
из,из
богатой,богатый
семьи,семья
(,UNK
джоан,джоан
фонтейн,фонтейн
),UNK
и,и
она,она
начинает,начинать
подозревать,подозревать
мужа,муж
в,в
убийстве,убийство
друга,друг
",",UNK
а,а
потом,потом
и,и
в,в
попытке,попытка
убить,убить
её,она
саму,сам
ради,ради
денег,деньга
.,UNK
в,в
фильме,фильм
грант,грант
предстал,предстать
в,в
двух,два
разных,разный
образах,образ
:,UNK
привлекательного,привлекательный
",",UNK
но,но
непутёвого,непутевый
повесы,повеса
и,и
более,более
мрачного,мрачный
",",UNK
зловещего,зловещий
героя,герой
",",UNK
способного,способный
на,на
совершение,совершение
преступления,преступление
.,UNK
несмотря,несмотря
на,на
навязанный,навязать
киностудией,киностудия
счастливый,счастливый
финал,финал
",",UNK
фильм,фильм
был,быть
тепло,тепло
встречен,встретить
публикой,публика
",",UNK
а,а
работа,работа
самого,сам
гранта,грант
удостоилась,удостоиться
высокой,высокий
оценки,оценка
критики,критика
.,UNK
в,в
период,период
с,с
1942,UNK
по,по
1943,UNK
год,год
грант,грант
снялся,сняться
в,в
нескольких,несколько
картинах,картина
",",UNK
имевших,иметь
оглушительный,оглушительный
успех,успех
—,UNK
комедии,комедия
«,UNK
весь,весь
город,город
говорит,говорить
»,UNK
(,UNK
1942,UNK
),UNK
и,и
«,UNK
однажды,однажды
в,в
медовый,медовый
месяц,месяц
»,UNK
(,UNK
1942,UNK
),UNK
",",UNK
романтическом,романтический
фильме,фильм
«,UNK
мистер,мистер
счастливчик,счастливчик
»,UNK
(,UNK
1943,UNK
),UNK
и,и
военном,военный
фильме,фильм
«,UNK
курс,курс
на,на
токио,токио
»,UNK
(,UNK
1943,UNK
),UNK
.,UNK
в,в
1944,UNK
году,год
был,быть
выпущен,выпустить
фильм,фильм
фрэнка,фрэнк
капры,капра
«,UNK
мышьяк,мышьяк
и,и
старые,старый
кружева,кружево
»,UNK
",",UNK
снятом,снять
по,по
одноимённой,одноименный
пьесе,пьеса
джозефа,джозеф
кессельринга,кессельринг
;,UNK
в,в
нём,нем
грант,грант
сыграл,сыграть
театрального,театральный
критика,критик
мортимера,мортимер
брюстера,брюстер
",",UNK
узнавшего,узнать
страшную,страшный
правду,правда
о,о
своих,свой
благодетельных,благодетельный
тётушках,тетушка
.,UNK
лента,лента
пользовалась,пользоваться
большой,большой
популярностью,популярность
в,в
прокате,прокат
",",UNK
сам,сам
актёр,актер
впоследствии,впоследствии
расценивал,расценивать
свою,свой
игру,игра
в,в
этой,этот
картине,картина
как,как
худшую,плохой
в,в
своей,свой
карьере,карьера
.,UNK
в,в
том,тот
же,же
году,год
грант,грант
участвовал,участвовать
в,в
съёмках,съемка
драматического,драматический
фильма,фильм
«,UNK
только,только
одинокое,одинокий
сердце,сердце
»,UNK
",",UNK
киноадаптации,киноадаптация
одноимённой,одноименный
книги,книга
ричарда,ричард
луэллина,луэллин
.,UNK
роль,роль
молодого,молодой
и,и
безответственного,безответственный
бездельника,бездельник
эрни,эрня
мотта,мотт
принесла,принести
актёру,актер
вторую,второй
номинацию,номинация
на,на
премию,премия
«,UNK
оскар,оскар
»,UNK
.,UNK
в,в
1946,UNK
году,год
грант,грант
вновь,вновь
поработал,поработать
с,с
хичкоком,хичкок
на,на
съёмочной,съемочный
площадке,площадка
шпионского,шпионский
триллера,триллер
«,UNK
дурная,дурной
слава,слава
»,UNK
",",UNK
где,где
в,в
главных,главный
ролях,роль
снялись,сняться
ингрид,ингрид
бергман,бергман
и,и
клод,клод
рейнс,рейнс
.,UNK
он,он
исполнил,исполнить
роль,роль
циничного,циничный
правительственного,правительственный
агента,агент
девлина,девлина
",",UNK
который,который
добивается,добиваться
сотрудничества,сотрудничество
от,от
дочери,дочь
нацистского,нацистский
шпиона,шпион
(,UNK
бергман,бергман
),UNK
для,для
выполнения,выполнение
особого,особый
задания,задание
и,и
вскоре,вскоре
влюбляется,влюбляться
в,в
неё,она
.,UNK
картина,картина
получила,получить
широкое,широкий
признание,признание
среди,среди
критиков,критик
и,и
стала,стать
знаковой,знаковый
как,как
в,в
карьере,карьера
актёра,актер
",",UNK
так,так
и,и
для,для
самого,сам
режиссёра,режиссер
.,UNK
во,в
второй,второй
половине,половина
1940-х,UNK
годов,год
грант,грант
снялся,сняться
в,в
ряде,ряд
успешных,успешный
комедийных,комедийный
фильмов,фильм
:,UNK
«,UNK
холостяк,холостяк
и,и
девчонка,девчонка
»,UNK
(,UNK
1947,UNK
),UNK
режиссёра,режиссер
сидни,сидень
шелдона,шелдон
и,и
«,UNK
мистер,мистер
блэндингз,блэндингз
строит,строить
дом,дом
своей,свой
мечты,мечта
»,UNK
(,UNK
1948,UNK
),UNK
режиссёра,режиссер
г,г
.,UNK
к,к
.,UNK
поттера,поттер
.,UNK
эти,этот
картины,картина
пользовались,пользоваться
популярностью,популярность
у,у
публики,публика
",",UNK
как,как
и,и
другие,другой
работы,работа
с,с
участием,участие
актёра,актер
:,UNK
«,UNK
жена,жена
епископа,епископ
»,UNK
(,UNK
1947,UNK
),UNK
в,в
роли,роль
ангела,ангел
дадли,дадли
",",UNK
«,UNK
каждая,каждый
девушка,девушка
должна,должный
выйти,выйти
замуж,замуж
»,UNK
(,UNK
1948,UNK
),UNK
в,в
роли,роль
доктора,доктор
мэдисона,мэдисон
брауна,браун
и,и
«,UNK
солдат,солдат
в,в
юбке,юбка
»,UNK
(,UNK
1949,UNK
),UNK
в,в
роли,роль
капитана,капитан
анри,анри
рошара,рошара
.,UNK
=,UNK
=,UNK
дальнейшая,дальнейший
актёрская,актерский
карьера,карьера
=,UNK
=,UNK
с,с
первой,первый
половины,половина
1950-х,UNK
годов,год
актёрская,актерский
карьера,карьера
кэри,кэри
гранта,грант
претерпела,претерпеть
значительный,значительный
спад,спад
.,UNK
он,он
снялся,сняться
в,в
коммерчески,коммерчески
неудачных,неудачный
фильмах,фильм
",",UNK
включая,включая
«,UNK
кризис,кризис
»,UNK
(,UNK
1950,UNK
),UNK
с,с
хосе,хосе
феррером,феррер
и,и
полой,пола
реймонд,реймонд
",",UNK
«,UNK
что,что
скажут,сказать
люди,человек
»,UNK
(,UNK
1951,UNK
),UNK
с,с
джинн,джинн
крейн,крейн
и,и
«,UNK
обезьяньи,обезьяний
проделки,проделка
»,UNK
(,UNK
1952,UNK
),UNK
с,с
участием,участие
джинджер,джинджер
роджерс,роджерс
и,и
мэрилин,мэрилин
монро,монро
.,UNK
после,после
серии,серия
провальных,провальный
кинокартин,кинокартина
актёр,актер
рассматривал,рассматривать
возможность,возможность
ухода,уход
из,из
кинематографа,кинематограф
.,UNK
однако,однако
его,его
планы,план
изменились,измениться
",",UNK
когда,когда
в,в
1954,UNK
году,год
альфред,альфред
хичкок,хичкок
предложил,предложить
ему,он
роль,роль
джона,джон
роби,роби
в,в
фильме,фильм
«,UNK
поймать,поймать
вора,вор
»,UNK
(,UNK
1955,UNK
),UNK
",",UNK
где,где
его,он
партнёршей,партнерша
стала,стать
грейс,грейс
келли,келли
.,UNK
в,в
этой,этот
картине,картина
грант,грант
предстал,предстать
в,в
образе,образ
бывшего,бывший
вора,вор
",",UNK
попавшего,попасть
под,под
подозрение,подозрение
из-за,UNK
череды,череда
ограблений,ограбление
",",UNK
которых,который
он,он
не,не
совершал,совершать
.,UNK
хотя,хотя
критики,критик
отнеслись,отнестись
к,к
фильму,фильм
неоднозначно,неоднозначно
",",UNK
он,он
пользовался,пользоваться
популярностью,популярность
у,у
зрителей,зритель
и,и
имел,иметь
высокие,высокий
кассовые,кассовый
сборы,сбор
",",UNK
что,что
в,в
значительной,значительный
степени,степень
способствовало,способствовать
возрождению,возрождение
карьеры,карьера
гранта,грант
.,UNK
в,в
1957,UNK
году,год
грант,грант
вместе,вместе
с,с
фрэнком,фрэнк
синатрой,синатрой
и,и
софи,софи
лорен,лорен
участвовал,участвовать
в,в
съемках,съемка
костюмированной,костюмировать
исторической,исторический
драмы,драма
режиссёра,режиссер
стэнли,стэнли
крамера,крамер
«,UNK
гордость,гордость
и,и
страсть,страсть
»,UNK
.,UNK
несмотря,несмотря
на,на
трудности,трудность
в,в
процессе,процесс
производства,производство
",",UNK
фильм,фильм
получил,получить
преимущественно,преимущественно
негативные,негативный
критические,критический
отзывы,отзыв
.,UNK
в,в
том,тот
же,же
году,год
актёр,актер
появился,появиться
в,в
ремейке,ремейк
лео,лео
маккэри,маккэри
«,UNK
незабываемый,незабываемый
роман,роман
»,UNK
",",UNK
который,который
стал,стать
хитом,хит
в,в
прокате,прокат
.,UNK
аналогичный,аналогичный
успех,успех
продолжили,продолжить
его,его
последующие,последующий
проекты,проект
",",UNK
которые,который
вышли,выйти
в,в
1958,UNK
году,год
:,UNK
романтические,романтический
комедии,комедия
стэнли,стэнли
донена,донен
«,UNK
милый,милый
сэр,сэр
»,UNK
и,и
мелвилла,мелвилл
шавельзона,шавельзон
«,UNK
плавучий,плавучий
дом,дом
»,UNK
.,UNK
вышедший,выйти
год,год
спустя,спустя
приключенческо-шпионский,UNK
триллер,триллер
«,UNK
к,к
северу,север
через,через
северо-запад,UNK
»,UNK
",",UNK
стал,стать
четвёртой,четвертый
и,и
последней,последний
совместной,совместный
работой,работа
гранта,грант
и,и
хичкока,хичкок
.,UNK
роль,роль
рекламного,рекламный
менеджера,менеджер
роджера,роджер
торнхилла,торнхилл
",",UNK
которого,который
группа,группа
иностранных,иностранный
шпионов,шпион
ошибочно,ошибочно
приняла,принять
за,за
американского,американский
агента,агент
разведки,разведка
",",UNK
стала,стать
наиболее,наиболее
известной,известный
работой,работа
в,в
карьере,карьера
гранта,грант
.,UNK
кинолента,кинолента
приобрела,приобрести
большую,больший
известность,известность
и,и
вошла,войти
в,в
историю,история
благодаря,благодаря
культовой,культовый
сцене,сцена
",",UNK
когда,когда
герой,герой
гранта,грант
убегает,убегать
от,от
атакующего,атаковать
его,его
самолёта,самолет
на,на
кукурузном,кукурузный
поле,поле
.,UNK
также,также
заметной,заметный
работой,работа
актёра,актер
в,в
конце,конец
1950-х,UNK
годов,год
стала,стать
роль,роль
коммандера-лейтенанта,UNK
мэттью,мэттью
шермана,шерман
в,в
картине,картина
«,UNK
операция,операция
„,UNK
нижняя,нижний
юбка,юбка
“,UNK
»,UNK
(,UNK
1959,UNK
),UNK
.,UNK
в,в
1960,UNK
году,год
грант,грант
присоединился,присоединиться
к,к
звёздному,звездный
актёрскому,актерский
составу,состав
",",UNK
в,в
который,который
входили,входить
дебора,дебора
керр,керра
",",UNK
роберт,роберт
митчем,митч
и,и
джин,джин
симмонс,симмонс
для,для
работы,работа
над,над
фильмом,фильм
стэнли,стэнли
донена,донен
«,UNK
трава,трава
зеленее,зеленее
»,UNK
.,UNK
фильм,фильм
не,не
достиг,достигнуть
ожидаемого,ожидать
успеха,успех
ни,ни
среди,среди
критиков,критик
",",UNK
ни,ни
среди,среди
зрителей,зритель
.,UNK
два,два
года,год
спустя,спустя
грант,грант
вместе,вместе
с,с
дорис,дорис
дэй,дэя
снялся,сняться
в,в
фильме,фильм
«,UNK
этот,этот
мех,мех
норки,норка
»,UNK
",",UNK
который,который
получил,получить
высокую,высокий
оценку,оценка
критиков,критик
",",UNK
а,а
также,также
три,три
номинации,номинация
на,на
премию,премия
«,UNK
оскар,оскар
»,UNK
.,UNK
следующие,следующий
фильмы,фильм
с,с
участием,участие
актёра,актер
",",UNK
детективная,детективный
мелодрама,мелодрама
«,UNK
шарада,шарада
»,UNK
(,UNK
1963,UNK
),UNK
с,с
одри,одри
хепбёрн,хепберн
и,и
романтическая,романтический
комедия,комедия
«,UNK
папа,папа
гусь,гусь
»,UNK
(,UNK
1964,UNK
),UNK
",",UNK
благосклонно,благосклонно
были,быть
приняты,принять
кинокритиками,кинокритик
.,UNK
последней,последний
ролью,роль
гранта,грант
в,в
кино,кино
стала,стать
роль,роль
британского,британский
промышленника,промышленник
сэра,сэр
уильяма,уильям
ратленда,ратленд
в,в
фильме,фильм
«,UNK
иди,идти
",",UNK
а,а
не,не
беги,бежать
»,UNK
(,UNK
1966,UNK
),UNK
.,UNK
после,после
завершения,завершение
съёмок,съемка
этого,этот
фильма,фильм
",",UNK
грант,грант
окончательно,окончательно
ушёл,уйти
из,из
киноиндустрии,киноиндустрия
",",UNK
начав,начать
заниматься,заниматься
предпринимательской,предпринимательский
деятельностью,деятельность
.,UNK
=,UNK
=,UNK
фильмография,фильмография
в,в
кинематографе,кинематограф
=,UNK
=,UNK
=,UNK
=,UNK
=,UNK
художественные,художественный
фильмы,фильм
=,UNK
=,UNK
=,UNK
a↑,UNK
↑,UNK
↑,UNK
↑,UNK
↑,UNK
↑,UNK
↑,UNK
↑,UNK
↑,UNK
↑,UNK
фильмы,фильм
",",UNK
внесённые,внести
в,в
национальный,национальный
реестр,реестр
фильмов,фильм
библиотеки,библиотека
конгресса,конгресс
сша,сша
.,UNK
=,UNK
=,UNK
=,UNK
=,UNK
другие,другой
появления,появление
=,UNK
=,UNK
=,UNK
=,UNK
=,UNK
=,UNK
=,UNK
документальные,документальный
и,и
короткометражные,короткометражный
фильмы,фильм
=,UNK
=,UNK
=,UNK
a,a
↑,UNK
↑,UNK
↑,UNK
↑,UNK
↑,UNK
↑,UNK
↑,UNK
короткометражный,короткометражный
фильм,фильм
.,UNK
b,b
↑,UNK
↑,UNK
↑,UNK
↑,UNK
↑,UNK
↑,UNK
↑,UNK
короткометражный,короткометражный
документальный,документальный
фильм,фильм
.,UNK
c,c
↑,UNK
↑,UNK
↑,UNK
↑,UNK
↑,UNK
↑,UNK
документальный,документальный
фильм,фильм
.,UNK
=,UNK
=,UNK
радио,радио
=,UNK
=,UNK
помимо,помимо
съёмок,съемка
в,в
кино,кино
",",UNK
грант,грант
также,также
работал,работать
на,на
радио,радио
.,UNK
он,он
впервые,впервые
появился,появиться
в,в
эфире,эфир
в,в
1935,UNK
году,год
и,и
продолжал,продолжать
выступать,выступать
в,в
радиопередачах,радиопередача
в,в
течение,течение
следующих,следующий
двадцати,двадцать
лет,год
.,UNK
грант,грант
регулярно,регулярно
появлялся,появляться
в,в
таких,такой
программах,программа
",",UNK
как,как
«,UNK
радиотеатр,радиотеатр
люкс,люкс
»,UNK
",",UNK
«,UNK
театр,театр
гильдии,гильдия
киноактёров,киноактер
»,UNK
",",UNK
«,UNK
серебряный,серебряный
театр,театр
»,UNK
",",UNK
где,где
исполнял,исполнять
различные,различный
роли,роль
в,в
радиоспектаклях,радиоспектакль
",",UNK
включая,включая
адаптации,адаптация
своих,свой
успешных,успешный
фильмов,фильм
.,UNK
также,также
он,он
часто,часто
появлялся,появляться
в,в
качестве,качество
приглашённого,пригласить
гостя,гость
на,на
различных,различный
развлекательных,развлекательный
шоу,шоу
",",UNK
как,как
«,UNK
шоу,шоу
эдди,эдди
кантора,кантор
»,UNK
и,и
«,UNK
шоу,шоу
бёрнса,бернс
и,и
аллена,аллен
»,UNK
.,UNK
=,UNK
=,UNK
театр,театр
=,UNK
=,UNK
=,UNK
=,UNK
кинонаграды,кинонаграда
и,и
наследие,наследие
=,UNK
=,UNK
десять,десять
фильмов,фильм
с,с
участием,участие
кэри,кэри
гранта,грант
были,быть
внесены,внести
в,в
национальный,национальный
реестр,реестр
фильмов,фильм
библиотеки,библиотека
конгресса,конгресс
сша,сша
.,UNK
среди,среди
них,они
три,три
фильма,фильм
:,UNK
«,UNK
воспитание,воспитание
крошки,крошка
»,UNK
(,UNK
1938,UNK
),UNK
",",UNK
«,UNK
филадельфийская,филадельфийский
история,история
»,UNK
(,UNK
1940,UNK
),UNK
и,и
«,UNK
к,к
северу,север
через,через
северо-запад,UNK
»,UNK
(,UNK
1959,UNK
),UNK
входят,входить
в,в
список,список
«,UNK
100,UNK
величайших,великий
американских,американский
кинофильмов,кинофильм
»,UNK
по,по
версии,версия
американского,американский
института,институт
киноискусства,киноискусство
(,UNK
afi,afi
),UNK
.,UNK
также,также
два,два
фильма,фильм
«,UNK
дурная,дурной
слава,слава
»,UNK
(,UNK
1946,UNK
),UNK
и,и
«,UNK
к,к
северу,север
через,через
северо-запад,UNK
»,UNK
(,UNK
1959,UNK
),UNK
попали,попасть
в,в
список,список
«,UNK
100,UNK
величайших,великий
фильмов,фильм
всех,весь
времён,время
»,UNK
составленном,составить
журналом,журнал
entertainment,entertainment
weekly,weekly
.,UNK
согласно,согласно
рейтинговым,рейтинговый
спискам,список
",",UNK
составленным,составить
afi,afi
",",UNK
восемь,восемь
фильмов,фильм
",",UNK
среди,среди
которых,который
:,UNK
«,UNK
она,она
обошлась,обойтись
с,с
ним,он
нечестно,нечестно
»,UNK
(,UNK
1933,UNK
),UNK
",",UNK
«,UNK
топпер,топпер
»,UNK
(,UNK
1937,UNK
),UNK
",",UNK
«,UNK
ужасная,ужасный
правда,правда
»,UNK
(,UNK
1937,UNK
),UNK
",",UNK
«,UNK
воспитание,воспитание
крошки,крошка
»,UNK
(,UNK
1938,UNK
),UNK
",",UNK
«,UNK
филадельфийская,филадельфийский
история,история
»,UNK
(,UNK
1940,UNK
),UNK
",",UNK
«,UNK
его,он
девушка,девушка
пятница,пятница
»,UNK
(,UNK
1940,UNK
),UNK
",",UNK
«,UNK
мышьяк,мышьяк
и,и
старые,старый
кружева,кружево
»,UNK
(,UNK
1944,UNK
),UNK
",",UNK
«,UNK
мистер,мистер
блэндингз,блэндингз
строит,строить
дом,дом
своей,свой
мечты,мечта
»,UNK
(,UNK
1948,UNK
),UNK
входят,входить
в,в
список,список
«,UNK
100,UNK
самых,самый
смешных,смешной
американских,американский
фильмов,фильм
»,UNK
.,UNK
шесть,шесть
его,его
фильмов,фильм
",",UNK
в,в
том,тот
числе,число
«,UNK
дурная,дурной
слава,слава
»,UNK
(,UNK
1946,UNK
),UNK
«,UNK
поймать,поймать
вора,вор
»,UNK
(,UNK
1955,UNK
),UNK
",",UNK
«,UNK
незабываемый,незабываемый
роман,роман
»,UNK
(,UNK
1957,UNK
),UNK
были,быть
включены,включить
в,в
рейтинг,рейтинг
«,UNK
100,UNK
самых,самый
страстных,страстный
американских,американский
фильмов,фильм
»,UNK
.,UNK
сам,сам
актёр,актер
занял,занять
второе,второй
место,место
после,после
хамфри,хамфри
богарта,богарт
в,в
списке,список
«,UNK
100,UNK
величайших,великий
звёзд,звезда
кино,кино
за,за
100,UNK
лет,год
»,UNK
.,UNK
за,за
свою,свой
46-летнюю,UNK
актёрскую,актерский
карьеру,карьера
кэри,кэри
грант,грант
был,быть
номинирован,номинировать
дважды,дважды
на,на
премию,премия
«,UNK
оскар,оскар
»,UNK
",",UNK
пять,пять
раз,раз
на,на
«,UNK
золотой,золотой
глобус,глобус
»,UNK
и,и
единственный,единственный
раз,раз
на,на
премию,премия
bafta,bafta
",",UNK
а,а
также,также
был,быть
удостоен,удостоить
наград,награда
:,UNK
1960,UNK
—,UNK
давид,давид
ди,ди
донателло,донателло
(,UNK
премия,премия
),UNK
в,в
номинации,номинация
«,UNK
лучший,хороший
иностранный,иностранный
актёр,актер
»,UNK
(,UNK
«,UNK
к,к
северу,север
через,через
северо-запад,UNK
»,UNK
),UNK
;,UNK
1970,UNK
—,UNK
оскар,оскар
—,UNK
за,за
выдающиеся,выдающийся
заслуги,заслуга
в,в
кинематографе,кинематограф
.,UNK
=,UNK
=,UNK
примечания,примечание
=,UNK
=,UNK
комментарии,комментарий
источники,источник
=,UNK
=,UNK
литература,литература
=,UNK
=,UNK
deschner,deschner
",",UNK
donald,donald
.,UNK
the,the
films,films
of,of
cary,cary
grant,grant
(,UNK
англ,англ
.,UNK
),UNK
.,UNK
—,UNK
citadel,citadel
press,press
",",UNK
1973,UNK
.,UNK
—,UNK
276,UNK
p,p
.,UNK
—,UNK
isbn,isbn
9780806503769,UNK
.,UNK
dunning,dunning
",",UNK
john,john
.,UNK
on,on
the,the
air,air
:,UNK
the,the
encyclopedia,encyclopedia
of,of
old-time,UNK
radio,radio
(,UNK
англ,англ
.,UNK
),UNK
.,UNK
—,UNK
usa,usa
:,UNK
oxford,oxford
university,university
press,press
",",UNK
1998,UNK
.,UNK
—,UNK
822,UNK
p,p
.,UNK
—,UNK
isbn,isbn
9780195076783,UNK
.,UNK
eliot,eliot
",",UNK
marc,marc
.,UNK
cary,cary
grant,grant
:,UNK
a,a
biography,biography
(,UNK
англ,англ
.,UNK
),UNK
.,UNK
—,UNK
harmony,harmony
books,books
",",UNK
2004,UNK
.,UNK
—,UNK
435,UNK
p,p
.,UNK
—,UNK
isbn,isbn
9781400050260,UNK
.,UNK
higham,higham
charles,charles
",",UNK
moseley,moseley
roy,roy
.,UNK
cary,cary
grant,grant
:,UNK
the,the
lonely,lonely
heart,heart
(,UNK
англ,англ
.,UNK
),UNK
.,UNK
—,UNK
avon,avon
books,books
",",UNK
1990,UNK
.,UNK
—,UNK
396,UNK
p,p
.,UNK
—,UNK
isbn,isbn
9780380710096,UNK
.,UNK
mccann,mccann
",",UNK
graham,graham
.,UNK
cary,cary
grant,grant
:,UNK
a,a
class,class
apart,apart
(,UNK
англ,англ
.,UNK
),UNK
.,UNK
—,UNK
columbia,columbia
university,university
press,press
",",UNK
1997,UNK
.,UNK
—,UNK
348,UNK
p,p
.,UNK
—,UNK
isbn,isbn
9780231108850,UNK
.,UNK
schickel,schickel
",",UNK
richard,richard
.,UNK
cary,cary
grant,grant
:,UNK
a,a
celebration,celebration
(,UNK
англ,англ
.,UNK
),UNK
.,UNK
—,UNK
pavilion,pavilion
",",UNK
1983,UNK
.,UNK
—,UNK
190,UNK
p,p
.,UNK
—,UNK
isbn,isbn
9780907516255,UNK
.,UNK
vermilye,vermilye
",",UNK
jerry,jerry
.,UNK
cary,cary
grant,grant
.,UNK
—,UNK
galahad,galahad
books,books
",",UNK
1973,UNK
.,UNK
—,UNK
160,UNK
с,с
.,UNK
—,UNK
isbn,isbn
9780883652916,UNK
.,UNK
wansell,wansell
",",UNK
geoffrey,geoffrey
.,UNK
cary,cary
grant,grant
",",UNK
dark,dark
angel,angel
(,UNK
англ,англ
.,UNK
),UNK
.,UNK
—,UNK
arcade,arcade
pub,pub
",",UNK
1996,UNK
.,UNK
—,UNK
192,UNK
p,p
.,UNK
—,UNK
isbn,isbn
9781559703697,UNK
.,UNK
webb,webb
",",UNK
graham,graham
.,UNK
encyclopedia,encyclopedia
of,of
american,american
short,short
films,films
",",UNK
1926-1959,UNK
(,UNK
англ,англ
.,UNK
),UNK
.,UNK
—,UNK
mcfarland,mcfarland
",",UNK
2020,UNK
.,UNK
—,UNK
734,UNK
p,p
.,UNK
—,UNK
isbn,isbn
9781476639260,UNK
.,UNK
=,UNK
=,UNK
ссылка,ссылка
=,UNK
=,UNK
cary,cary
grant,grant
(,UNK
англ,англ
.,UNK
),UNK
на,на
сайте,сайт
internet,internet
movie,movie
database,database
cary,cary
grant,grant
—,UNK
filmography,filmography
(,UNK
англ,англ
.,UNK
),UNK
.,UNK
allmovie,allmovie
.,UNK
хосе́,UNK
анто́нио,UNK
кинтани́лья,UNK
эскоба́р,UNK
(,UNK
исп,исп
.,UNK
josé,josé
antonio,antonio
quintanilla,quintanilla
escobar,escobar
;,UNK
29,UNK
октября,октябрь
1947,UNK
",",UNK
сонсонате,сонсонат
—,UNK
1977,UNK
",",UNK
ауачапан,ауачапан
),UNK
—,UNK
сальвадорский,сальвадорский
футболист,футболист
",",UNK
играл,играть
на,на
позиции,позиция
полузащитника,полузащитник
",",UNK
участник,участник
чемпионата,чемпионат
мира,мир
1970,UNK
года,год
.,UNK
кинтанилья,кинтанилья
известен,известный
",",UNK
как,как
автор,автор
победного,победный
гола,гол
в,в
ворота,ворота
сборной,сборная
гондураса,гондурас
",",UNK
который,который
привёл,привести
к,к
шестидневной,шестидневный
«,UNK
футбольной,футбольный
войне,война
»,UNK
с,с
гондурасом,гондурас
.,UNK
=,UNK
=,UNK
биография,биография
=,UNK
=,UNK
=,UNK
=,UNK
=,UNK
клубная,клубный
карьера,карьера
=,UNK
=,UNK
=,UNK
кинтанилья,кинтанилья
основную,основный
часть,часть
футбольной,футбольный
карьеры,карьера
играл,играть
за,за
«,UNK
альянсу,альянс
»,UNK
",",UNK
в,в
составе,состав
которой,который
в,в
1966,UNK
и,и
1967,UNK
годах,год
выиграл,выиграть
два,два
чемпионских,чемпионский
титула,титул
",",UNK
а,а
также,также
кубок,кубок
чемпионов,чемпион
конкакаф,конкакаф
1967,UNK
года,год
.,UNK
в,в
1970,UNK
году,год
кинтанилья,кинтанилья
перешёл,перейти
в,в
«,UNK
атлетико,атлетико
марте,март
»,UNK
",",UNK
с,с
которым,который
в,в
1970,UNK
году,год
завоевал,завоевать
свой,свой
третий,третий
чемпионский,чемпионский
титул,титул
.,UNK
в,в
1971,UNK
году,год
кинтанилья,кинтанилья
перешёл,перейти
в,в
«,UNK
эксельсиор,эксельсиор
»,UNK
",",UNK
в,в
котором,который
играл,играть
два,два
сезона,сезон
.,UNK
в,в
последующие,последующий
годы,год
кинтанилья,кинтанилья
играл,играть
за,за
«,UNK
альянсу,альянс
»,UNK
и,и
«,UNK
онсе,онс
мунисипаль,мунисипаль
»,UNK
",",UNK
который,который
стал,стать
для,для
него,он
последним,последний
клубом,клуб
в,в
жизни,жизнь
.,UNK
=,UNK
=,UNK
=,UNK
карьера,карьера
в,в
сборной,сборная
=,UNK
=,UNK
=,UNK
в,в
составе,состав
сборной,сборная
сальвадора,сальвадор
кинтанилья,кинтанилья
принимал,принимать
участие,участие
на,на
олимпийском,олимпийский
турнире,турнир
1968,UNK
года,год
",",UNK
где,где
сыграл,сыграть
во,в
всех,весь
трёх,три
матчах,матч
группового,групповой
этапа,этап
",",UNK
два,два
из,из
которых,который
завершились,завершиться
поражениями,поражение
сальвадорцев,сальвадорец
.,UNK
26,UNK
июня,июнь
1969,UNK
года,год
кинтанилья,кинтанилья
забил,забить
решающий,решающий
и,и
победный,победный
гол,гол
на,на
101-й,UNK
минуте,минута
в,в
матче,матч
отбора,отбор
на,на
чемпионат,чемпионат
мира,мир
со,с
сборной,сборная
гондураса,гондурас
;,UNK
матч,матч
завершился,завершиться
со,с
счётом,счет
3,UNK
:,UNK
2,UNK
.,UNK
гол,гол
кинтанильи,кинтанилья
привёл,привести
к,к
тому,тот
",",UNK
что,что
14,UNK
июля,июль
начался,начаться
шестидневный,шестидневный
вооружённый,вооруженный
конфликт,конфликт
между,между
двумя,два
странами,страна
",",UNK
который,который
стал,стать
известен,известный
как,как
«,UNK
футбольная,футбольный
война,война
»,UNK
.,UNK
другие,другой
источники,источник
называют,называть
автором,автор
решающего,решающий
гола,гол
«,UNK
пипо,пипо
»,UNK
родригеса,родригес
.,UNK
принимал,принимать
участие,участие
на,на
чемпионате,чемпионат
мира,мир
1970,UNK
года,год
",",UNK
где,где
сыграл,сыграть
в,в
двух,два
матчах,матч
группового,групповой
этапа,этап
со,с
сборными,сборная
бельгии,бельгия
(,UNK
0,UNK
:,UNK
3,UNK
),UNK
и,и
мексики,мексика
(,UNK
0,UNK
:,UNK
4,UNK
),UNK
.,UNK
всего,всего
за,за
сборную,сборная
сальвадора,сальвадор
сыграл,сыграть
22,UNK
матча,матч
",",UNK
в,в
которых,который
забил,забить
1,UNK
гол,гол
.,UNK
=,UNK
=,UNK
=,UNK
гибель,гибель
=,UNK
=,UNK
=,UNK
кинтанилья,кинтанилья
погиб,погибнуть
в,в
1977,UNK
году,год
в,в
дтп,дтп
",",UNK
когда,когда
на,на
своём,свой
автомобиле,автомобиль
ехал,ехать
на,на
тренировку,тренировка
«,UNK
онсе,онс
мунисипаль,мунисипаль
»,UNK
.,UNK
=,UNK
=,UNK
достижения,достижение
=,UNK
=,UNK
«,UNK
альянса,альянс
»,UNK
чемпион,чемпион
сальвадора,сальвадор
(,UNK
2,UNK
),UNK
:,UNK
"1965/66,",UNK
1966/67,UNK
победитель,победитель
лиги,лига
чемпионов,чемпион
конкакаф,конкакаф
(,UNK
1,UNK
),UNK
:,UNK
1967,UNK
«,UNK
атлетико,атлетико
марте,март
»,UNK
чемпион,чемпион
сальвадора,сальвадор
(,UNK
1,UNK
),UNK
:,UNK
1970,UNK
=,UNK
=,UNK
примечания,примечание
=,UNK
=,UNK
сборная,сборная
гондураса,гондурас
по,по
футболу,футбол
(,UNK
исп,исп
.,UNK
selección,selección
de,de
fútbol,fútbol
de,de
honduras,honduras
),UNK
—,UNK
команда,команда
",",UNK
представляющая,представлять
гондурас,гондурас
на,на
международных,международный
футбольных,футбольный
турнирах,турнир
и,и
матчах,матч
.,UNK
управляющая,управлять
организация,организация
—,UNK
национальная,национальный
автономная,автономный
федерация,федерация
футбола,футбол
гондураса,гондурас
.,UNK
член,член
фифа,фифа
с,с
1951,UNK
года,год
.,UNK
наивысшее,высокий
достижение,достижение
в,в
рейтинге,рейтинг
фифа,фифа
было,быть
в,в
сентябре,сентябрь
2001,UNK
года,год
",",UNK
когда,когда
сборная,сборная
поднялась,подняться
на,на
20-е,UNK
место,место
в,в
мире,мир
.,UNK
=,UNK
=,UNK
история,история
=,UNK
=,UNK
первый,первый
матч,матч
сборная,сборная
гондураса,гондурас
провела,провести
в,в
1921,UNK
году,год
и,и
была,быть
разгромлена,разгромить
гватемалой,гватемала
1,UNK
:,UNK
10,UNK
.,UNK
длительное,длительный
время,время
гондурас,гондурас
не,не
мог,мочь
похвастаться,похвастаться
большими,больший
успехами,успех
",",UNK
ограничиваясь,ограничиваться
локальными,локальный
удачами,удача
",",UNK
такими,такой
",",UNK
как,как
победа,победа
над,над
слабой,слабый
сборной,сборная
никарагуа,никарагуа
в,в
1946,UNK
году,год
со,с
счётом,счет
13,UNK
:,UNK
0,UNK
.,UNK
начиная,начинать
с,с
1960-х,UNK
годов,год
уровень,уровень
и,и
интерес,интерес
к,к
футболу,футбол
в,в
стране,страна
медленно,медленно
",",UNK
но,но
верно,верно
стал,стать
расти,расти
.,UNK
проигрыш,проигрыш
сборной,сборная
гондураса,гондурас
от,от
сборной,сборная
сальвадора,сальвадор
в,в
1969,UNK
году,год
в,в
полуфинале,полуфинал
отборочного,отборочный
этапа,этап
чемпионата,чемпионат
мира,мир
по,по
футболу,футбол
",",UNK
явился,явиться
одним,один
из,из
непосредственных,непосредственный
поводов,повод
к,к
футбольной,футбольный
войне,война
—,UNK
вооружённому,вооруженный
конфликту,конфликт
между,между
этими,этот
странами,страна
.,UNK
первый,первый
«,UNK
золотой,золотой
период,период
»,UNK
в,в
истории,история
сборной,сборная
гондураса,гондурас
пришёлся,прийтись
на,на
начало,начало
1980-х,UNK
годов,год
.,UNK
гондурас,гондурас
был,быть
выбран,выбрать
местом,место
проведения,проведение
чемпионата,чемпионат
конкакаф,конкакаф
для,для
сборных,сборная
(,UNK
ныне,ныне
именуемый,именовать
золотой,золотой
кубок,кубок
конкакаф,конкакаф
),UNK
.,UNK
гондурасцы,гондурасец
блестяще,блестяще
провели,провести
турнир,турнир
",",UNK
обыграв,обыграть
все,весь
сборные,сборная
",",UNK
занявшие,занять
в,в
таблице,таблица
места,место
ниже,низкий
4-го,UNK
(,UNK
4,UNK
:,UNK
0,UNK
—,UNK
гаити,гаити
",",UNK
2,UNK
:,UNK
0,UNK
—,UNK
куба,куба
",",UNK
2,UNK
:,UNK
1,UNK
—,UNK
канада,канада
),UNK
",",UNK
сыграв,сыграть
вничью,вничью
0,UNK
:,UNK
0,UNK
с,с
двумя,два
призёрами,призер
турнира,турнир
—,UNK
сальвадором,сальвадор
и,и
мексикой,мексика
—,UNK
стали,стать
победителями,победитель
турнира,турнир
",",UNK
впервые,впервые
в,в
своей,свой
истории,история
.,UNK
поскольку,поскольку
чемпионат,чемпионат
конкакаф,конкакаф
1981,UNK
года,год
был,быть
одновременно,одновременно
отборочным,отборочный
турниром,турнир
к,к
чемпионату,чемпионат
мира,мир
1982,UNK
года,год
",",UNK
гондурас,гондурас
отправился,отправиться
(,UNK
вместе,вместе
со,с
вторым,второй
призёром,призер
сальвадором,сальвадор
),UNK
защищать,защищать
честь,честь
северной,северный
",",UNK
центральной,центральный
америки,америка
и,и
стран,страна
карибского,карибский
бассейна,бассейн
в,в
испанию,испания
.,UNK
команда,команда
достойно,достойно
провела,провести
турнир,турнир
",",UNK
хотя,хотя
и,и
не,не
смогла,смочь
выйти,выйти
из,из
группы,группа
—,UNK
были,быть
добыты,добыть
ничьи,ничья
с,с
хозяевами,хозяин
турнира,турнир
и,и
северной,северный
ирландией,ирландия
(,UNK
по,по
1,UNK
:,UNK
1,UNK
),UNK
",",UNK
но,но
минимальное,минимальный
поражение,поражение
от,от
югославии,югославия
(,UNK
0,UNK
:,UNK
1,UNK
),UNK
не,не
позволило,позволить
гондурасу,гондурас
выйти,выйти
в,в
следующий,следующий
раунд,раунд
.,UNK
в,в
1985,UNK
и,и
1991,UNK
годах,год
гондурас,гондурас
дважды,дважды
занимал,занимать
2-е,UNK
место,место
в,в
золотом,золотой
кубке,кубок
конкакаф,конкакаф
.,UNK
в,в
2001,UNK
году,год
гондурас,гондурас
пригласили,пригласить
в,в
последний,последний
момент,момент
для,для
участия,участие
в,в
кубке,кубок
америки,америка
",",UNK
прошедшем,пройти
в,в
колумбии,колумбия
.,UNK
гондурасцы,гондурасец
в,в
четвертьфинале,четвертьфинал
сенсационно,сенсационно
обыграли,обыграть
сборную,сборная
бразилии,бразилия
",",UNK
а,а
в,в
матче,матч
за,за
3-е,UNK
место,место
обыграли,обыграть
уругвай,уругвай
.,UNK
таким,такой
образом,образ
",",UNK
гондурас,гондурас
занял,занять
призовое,призовой
3-е,UNK
место,место
в,в
своём,свой
единственном,единственный
участии,участие
в,в
одном,один
из,из
самых,самый
престижнейших,престижный
футбольных,футбольный
турниров,турнир
мира,мир
.,UNK
впоследствии,впоследствии
гондурас,гондурас
признавался,признаваться
одной,один
из,из
самых,самый
быстро,быстро
прогрессирующих,прогрессировать
футбольных,футбольный
наций,нация
мира,мир
по,по
версиям,версия
журнала,журнал
«,UNK
world,world
soccer,soccer
»,UNK
",",UNK
мффиис,мффиис
и,и
фифа,фифа
.,UNK
в,в
2009,UNK
году,год
сборная,сборная
гондураса,гондурас
заняла,занять
3-е,UNK
место,место
в,в
финальной,финальный
отборочной,отборочный
группе,группа
конкакаф,конкакаф
и,и
во,в
второй,второй
раз,раз
в,в
своей,свой
истории,история
участвовала,участвовать
в,в
финальной,финальный
стадии,стадия
чемпионата,чемпионат
мира,мир
по,по
футболу,футбол
2010,UNK
в,в
юар,юар
",",UNK
где,где
взяла,взять
только,только
одно,один
очко,очко
",",UNK
сыграв,сыграть
вничью,вничью
со,с
швейцарией,швейцария
(,UNK
0,UNK
:,UNK
0,UNK
),UNK
.,UNK
две,два
оставшихся,остаться
встречи,встреча
с,с
чили,чили
и,и
испанией,испания
«,UNK
катра́чос,UNK
»,UNK
проиграли,проиграть
и,и
заняли,занять
последнее,последний
место,место
в,в
группе,группа
",",UNK
не,не
забив,забить
ни,ни
одного,один
мяча,мяч
.,UNK
в,в
2019,UNK
году,год
сборная,сборная
установила,установить
уникальное,уникальный
достижение,достижение
.,UNK
на,на
золотом,золотой
кубке,кубок
конкакаф,конкакаф
гондурас,гондурас
занял,занять
последнее,последний
место,место
в,в
своей,свой
группе,группа
",",UNK
но,но
при,при
этом,это
забил,забить
больше,большой
чем,чем
остальные,остальной
команды,команда
в,в
группе,группа
",",UNK
он,он
забил,забить
6,UNK
мячей,мяч
.,UNK
в,в
то,тот
время,время
ямайка,ямайка
забила,забить
4,UNK
гола,гол
(,UNK
1,UNK
место,место
),UNK
",",UNK
кюрасао,кюрасао
—,UNK
2,UNK
мяча,мяч
(,UNK
2,UNK
место,место
),UNK
",",UNK
а,а
сальвадор,сальвадор
(,UNK
3,UNK
место,место
),UNK
поразил,поразить
ворота,ворота
соперников,соперник
лишь,лишь
единожды,единожды
.,UNK
=,UNK
=,UNK
состав,состав
сборной,сборная
=,UNK
=,UNK
следующие,следующий
игроки,игрок
были,быть
вызваны,вызвать
в,в
состав,состав
сборной,сборная
главным,главный
тренером,тренер
эрнаном,эрнан
дарио,дарио
гомесом,гомес
для,для
участия,участие
в,в
матчах,матч
отборочного,отборочный
турнира,турнир
чемпионата,чемпионат
мира,мир
2022,UNK
против,против
сборной,сборная
канады,канада
(,UNK
27,UNK
января,январь
2022,UNK
),UNK
",",UNK
сборной,сборная
сальвадора,сальвадор
(,UNK
30,UNK
января,январь
2022,UNK
),UNK
и,и
сборной,сборная
сша,сша
(,UNK
2,UNK
февраля,февраль
2022,UNK
),UNK
.,UNK
игры,игра
и,и
голы,гол
приведены,привести
по,по
состоянию,состояние
на,на
16,UNK
января,январь
2022,UNK
года,год
:,UNK
=,UNK
=,UNK
участие,участие
в,в
турнирах,турнир
=,UNK
=,UNK
=,UNK
=,UNK
титулы,титул
и,и
достижения,достижение
=,UNK
=,UNK
чемпионат,чемпионат
наций,нация
конкакаф,конкакаф
:,UNK
1981,UNK
бронзовый,бронзовый
призёр,призер
кубка,кубок
америки,америка
:,UNK
2001,UNK
участник,участник
финальных,финальный
стадий,стадия
чемпионатов,чемпионат
мира,мир
(,UNK
3,UNK
),UNK
:,UNK
"1982,",UNK
"2010,",UNK
2014,UNK
центральноамериканский,центральноамериканский
кубок,кубок
(,UNK
3,UNK
),UNK
:,UNK
"1993,",UNK
"1995,",UNK
2011,UNK
=,UNK
=,UNK
форма,форма
=,UNK
=,UNK
=,UNK
=,UNK
=,UNK
домашняя,домашний
=,UNK
=,UNK
=,UNK
=,UNK
=,UNK
=,UNK
гостевая,гостевой
=,UNK
=,UNK
=,UNK
=,UNK
=,UNK
=,UNK
резервная,резервный
=,UNK
=,UNK
=,UNK
источники,источник
:,UNK
",",UNK
=,UNK
=,UNK
примечания,примечание
=,UNK
=,UNK
=,UNK
=,UNK
ссылки,ссылка
=,UNK
=,UNK
официальный,официальный
сайт,сайт
федерации,федерация
футбола,футбол
гондураса,гондурас
(,UNK
исп,исп
.,UNK
),UNK
сборная,сборная
гондураса,гондурас
на,на
сайте,сайт
фифа,фифа
(,UNK
англ,англ
.,UNK
),UNK
«,UNK
футбольная,футбольный
война,война
»,UNK
(,UNK
исп,исп
.,UNK
guerra,guerra
del,del
fútbol,fútbol
),UNK
",",UNK
также,также
известная,известный
как,как
сточасовая,сточасовой
война,война
—,UNK
скоротечный,скоротечный
военный,военный
конфликт,конфликт
между,между
сальвадором,сальвадор
и,и
гондурасом,гондурас
",",UNK
продолжавшийся,продолжаться
шесть,шесть
дней,день
(,UNK
с,с
14,UNK
по,по
20,UNK
июля,июль
1969,UNK
года,год
),UNK
.,UNK
непосредственным,непосредственный
поводом,повод
к,к
войне,война
послужил,послужить
проигрыш,проигрыш
команды,команда
гондураса,гондурас
команде,команда
сальвадора,сальвадор
в,в
матчах,матч
плей-офф,UNK
отборочного,отборочный
этапа,этап
чемпионата,чемпионат
мира,мир
по,по
футболу,футбол
",",UNK
чем,чем
и,и
объясняется,объясняться
данное,данный
конфликту,конфликт
название,название
.,UNK
несмотря,несмотря
на,на
скоротечность,скоротечность
",",UNK
война,война
дорого,дорого
обошлась,обойтись
обеим,оба
сторонам,сторона
—,UNK
общие,общий
потери,потеря
составили,составить
несколько,несколько
тысяч,тысяча
человек,человек
",",UNK
был,быть
расстроен,расстроить
региональный,региональный
интеграционный,интеграционный
проект,проект
центральноамериканского,центральноамериканский
общего,общий
рынка,рынок
.,UNK
=,UNK
=,UNK
предыстория,предыстория
и,и
причины,причина
=,UNK
=,UNK
одной,один
из,из
причин,причина
войны,война
был,быть
давний,давний
",",UNK
начавшийся,начаться
в,в
xix,xix
веке,век
спор,спор
между,между
двумя,два
странами,страна
относительно,относительно
демаркации,демаркации
границы,граница
.,UNK
кроме,кроме
того,тот
",",UNK
правительство,правительство
и,и
деловые,деловой
круги,круг
гондураса,гондурас
были,быть
раздражены,раздражить
существенными,существенный
торговыми,торговый
преимуществами,преимущество
",",UNK
которые,который
с,с
начала,начало
1960-х,UNK
годов,год
оказались,оказаться
предоставлены,предоставить
более,более
развитой,развитой
сальвадорской,сальвадорский
экономике,экономика
по,по
правилам,правило
организации,организация
центральноамериканского,центральноамериканский
общего,общий
рынка,рынок
.,UNK
первоначально,первоначально
",",UNK
после,после
подписания,подписание
в,в
июне,июнь
1958,UNK
года,год
договора,договор
о,о
свободной,свободный
торговле,торговля
и,и
экономической,экономический
интеграции,интеграция
между,между
четырьмя,четыре
странами,страна
центральной,центральный
америки,америка
(,UNK
на,на
основе,основа
которого,который
после,после
подписания,подписание
16,UNK
декабря,декабрь
1960,UNK
года,год
дополнительного,дополнительный
соглашения,соглашение
возник,возникнуть
цаор,цаор
),UNK
преимущества,преимущество
получили,получить
наиболее,наиболее
промышленно,промышленно
развитые,развитой
страны,страна
(,UNK
гондурас,гондурас
и,и
сальвадор,сальвадор
),UNK
",",UNK
но,но
в,в
дальнейшем,дальнейший
промышленность,промышленность
гондураса,гондурас
стала,стать
проигрывать,проигрывать
промышленности,промышленность
сальвадора,сальвадор
.,UNK
для,для
стабилизации,стабилизация
экономического,экономический
положения,положение
в,в
стране,страна
правительство,правительство
гондураса,гондурас
было,быть
вынуждено,вынудить
ввести,ввести
чрезвычайные,чрезвычайный
налоги,налог
на,на
товары,товар
широкого,широкий
потребления,потребление
(,UNK
сначала,сначала
в,в
размере,размер
3,UNK
%,UNK
",",UNK
затем,затем
они,они
были,быть
увеличены,увеличить
),UNK
;,UNK
к,к
1969,UNK
году,год
задолженность,задолженность
гондураса,гондурас
сальвадору,сальвадор
составляла,составлять
почти,почти
половину,половина
от,от
суммы,сумма
задолженности,задолженность
гондураса,гондурас
всем,весь
странам,страна
цаор,цаор
—,UNK
начало,начало
войны,война
позволяло,позволять
правительству,правительство
гондураса,гондурас
не,не
только,только
ликвидировать,ликвидировать
вопрос,вопрос
о,о
задолженности,задолженность
",",UNK
но,но
и,и
укрепить,укрепить
экономическое,экономический
положение,положение
страны,страна
за,за
счёт,счет
имущества,имущество
сальвадорцев,сальвадорец
.,UNK
ещё,еще
один,один
комплекс,комплекс
проблем,проблема
был,быть
связан,связать
с,с
сальвадорскими,сальвадорский
поселенцами,поселенец
на,на
территории,территория
гондураса,гондурас
:,UNK
сальвадор,сальвадор
являлся,являться
самым,самый
малым,малый
по,по
площади,площадь
и,и
самым,самый
густонаселённым,густонаселенным
из,из
всех,весь
центральноамериканских,центральноамериканский
государств,государство
",",UNK
обладал,обладать
более,более
развитой,развитой
экономикой,экономика
",",UNK
но,но
испытывал,испытывать
острую,острый
нехватку,нехватка
пригодных,пригодный
для,для
обработки,обработка
земель,земля
.,UNK
большая,больший
часть,часть
земли,земля
в,в
сальвадоре,сальвадор
контролировалась,контролироваться
крупными,крупный
землевладельцами,землевладелец
",",UNK
что,что
приводило,приводить
к,к
«,UNK
земельному,земельный
голоду,голод
»,UNK
и,и
миграции,миграция
безземельных,безземельный
крестьян,крестьянин
в,в
соседний,соседний
гондурас,гондурас
;,UNK
гондурас,гондурас
по,по
территории,территория
был,быть
гораздо,гораздо
больше,больше
соседа,сосед
",",UNK
не,не
так,так
густо,густо
населён,населенный
и,и
слабее,слабый
развит,развить
экономически,экономически
",",UNK
однако,однако
свыше,свыше
200,UNK
тысяч,тысяча
гектаров,гектар
(,UNK
18,UNK
%,UNK
),UNK
земель,земля
сельскохозяйственного,сельскохозяйственный
назначения,назначение
находилось,находиться
в,в
собственности,собственность
компаний,компания
сша,сша
",",UNK
что,что
увеличивало,увеличивать
«,UNK
земельный,земельный
голод,голод
»,UNK
в,в
стране,страна
.,UNK
переселение,переселение
сальвадорцев,сальвадорец
в,в
гондурас,гондурас
в,в
поисках,поиск
свободных,свободный
земель,земля
и,и
заработка,заработок
началось,начаться
в,в
1930-е,UNK
годы,год
.,UNK
большинство,большинство
мигрантов,мигрант
прибывали,прибывать
в,в
страну,страна
незаконно,незаконно
",",UNK
они,они
занимали,занимать
пустующие,пустовать
земли,земля
и,и
начинали,начинать
их,они
обрабатывать,обрабатывать
;,UNK
таким,такой
образом,образ
возникали,возникать
целые,целый
нелегальные,нелегальный
поселения,поселение
.,UNK
переселенцы,переселенец
из,из
сальвадора,сальвадор
соглашались,соглашаться
работать,работать
на,на
банановых,банановый
плантациях,плантация
за,за
меньшую,малый
плату,плата
",",UNK
чем,чем
местные,местный
крестьяне,крестьянин
",",UNK
что,что
привело,привести
к,к
росту,рост
антисальвадорских,антисальвадорский
настроений,настроение
в,в
гондурасе,гондурас
.,UNK
летом,лето
1961,UNK
года,год
на,на
территории,территория
гондураса,гондурас
",",UNK
в,в
районе,район
населённого,населенный
пункта,пункт
асьенда-де-долорес,UNK
",",UNK
произошло,произойти
столкновение,столкновение
группы,группа
сальвадорцев,сальвадорец
с,с
патрулём,патрулем
гражданской,гражданский
гвардии,гвардия
гондураса,гондурас
",",UNK
в,в
ходе,ход
которого,который
был,быть
застрелен,застрелить
гражданин,гражданин
сальвадора,сальвадор
альберто,альберто
чавес,чавес
(,UNK
alberto,alberto
chávez,chávez
),UNK
.,UNK
этот,этот
инцидент,инцидент
привёл,привести
к,к
ухудшению,ухудшение
отношений,отношение
между,между
странами,страна
.,UNK
19,UNK
июня,июнь
1961,UNK
года,год
правительство,правительство
сальвадора,сальвадор
официально,официально
потребовало,потребовать
от,от
правительства,правительство
гондураса,гондурас
провести,провести
расследование,расследование
обстоятельств,обстоятельство
гибели,гибель
сальвадорца,сальвадорец
.,UNK
в,в
сентябре,сентябрь
1962,UNK
года,год
правительство,правительство
гондураса,гондурас
приняло,принять
закон,закон
о,о
земельной,земельный
реформе,реформа
",",UNK
в,в
соответствии,соответствие
с,с
которой,который
началось,начаться
перераспределение,перераспределение
земель,земля
",",UNK
занятых,занять
нелегальными,нелегальный
мигрантами,мигрант
",",UNK
в,в
пользу,польза
граждан,гражданин
гондураса,гондурас
(,UNK
при,при
этом,это
просьбы,просьба
сальвадорцев,сальвадорец
о,о
предоставлении,предоставление
им,они
гражданства,гражданство
оставались,оставаться
без,без
рассмотрения,рассмотрение
),UNK
.,UNK
после,после
того,тот
",",UNK
как,как
власти,власть
гондураса,гондурас
начали,начать
депортацию,депортация
сальвадорцев,сальвадорец
с,с
территории,территория
страны,страна
",",UNK
отношения,отношение
между,между
сальвадором,сальвадор
и,и
гондурасом,гондурас
стали,стать
ещё,еще
более,более
напряжёнными,напряженный
.,UNK
в,в
1966,UNK
году,год
крупными,крупный
землевладельцами,землевладелец
гондураса,гондурас
была,быть
создана,создать
«,UNK
федерация,федерация
землевладельцев,землевладелец
и,и
животноводов,животновод
»,UNK
",",UNK
которая,который
выступала,выступать
против,против
предоставления,предоставление
земли,земля
сальвадорцам,сальвадорец
.,UNK
в,в
начале,начало
июня,июнь
1967,UNK
года,год
пограничная,пограничный
охрана,охрана
гондураса,гондурас
задержала,задержать
два,два
военных,военный
грузовика,грузовик
армии,армия
сальвадора,сальвадор
(,UNK
что,что
ухудшило,ухудшить
отношения,отношение
между,между
странами,страна
),UNK
.,UNK
=,UNK
=,UNK
эскалация,эскалация
конфликта,конфликт
=,UNK
=,UNK
напряжение,напряжение
в,в
двусторонних,двусторонний
отношениях,отношение
постепенно,постепенно
усиливалось,усиливаться
в,в
течение,течение
двух,два
предшествующих,предшествовать
конфликту,конфликт
лет,год
.,UNK
режим,режим
гондурасского,гондурасский
президента,президент
освальдо,освальдо
лопеса,лопес
арельяно,арельяно
(,UNK
1963—1971,UNK
),UNK
испытывал,испытывать
значительные,значительный
экономические,экономический
и,и
политические,политический
трудности,трудность
и,и
решил,решить
использовать,использовать
сальвадорских,сальвадорский
поселенцев,поселенец
в,в
качестве,качество
удобного,удобный
козла,козел
отпущения,отпущение
.,UNK
обе,оба
страны,страна
испытывали,испытывать
значительные,значительный
экономические,экономический
трудности,трудность
",",UNK
обе,оба
управлялись,управляться
военными,военный
;,UNK
оба,оба
правительства,правительство
стремились,стремиться
отвлечь,отвлечь
внимание,внимание
населения,население
от,от
насущных,насущный
внутриполитических,внутриполитический
и,и
экономических,экономический
проблем,проблема
.,UNK
особенно,особенно
сложной,сложный
была,быть
обстановка,обстановка
в,в
гондурасе,гондурас
",",UNK
где,где
в,в
сентябре,сентябрь
1968,UNK
года,год
на,на
северном,северный
побережье,побережье
вспыхнула,вспыхнуть
забастовка,забастовка
сельскохозяйственных,сельскохозяйственный
рабочих,рабочий
",",UNK
к,к
которой,который
присоединились,присоединиться
рабочие,рабочий
промышленных,промышленный
предприятий,предприятие
",",UNK
мелкие,мелкий
торговцы,торговец
",",UNK
ремесленники,ремесленник
и,и
студенты,студент
столичного,столичный
университета,университет
.,UNK
правительство,правительство
объявило,объявить
в,в
стране,страна
осадное,осадный
положение,положение
и,и
направило,направить
почти,почти
все,весь
силы,сила
полиции,полиция
и,и
армии,армия
на,на
подавление,подавление
забастовки,забастовка
.,UNK
в,в
результате,результат
протесты,протест
были,быть
подавлены,подавить
.,UNK
к,к
1969,UNK
году,год
на,на
территории,территория
гондураса,гондурас
проживало,проживать
около,около
200,UNK
тысяч,тысяча
сальвадорцев,сальвадорец
и,и
«,UNK
гуанако,гуанако
»,UNK
(,UNK
выходцев,выходец
из,из
сальвадора,сальвадор
",",UNK
многие,многий
из,из
которых,который
проживали,проживать
на,на
территории,территория
гондураса,гондурас
длительное,длительный
время,время
),UNK
",",UNK
при,при
этом,это
не,не
более,более
50,UNK
тысяч,тысяча
из,из
них,они
являлись,являться
гражданами,гражданин
гондураса,гондурас
или,или
имели,иметь
иные,иной
документы,документ
",",UNK
легализовавшие,легализовать
их,их
статус,статус
на,на
территории,территория
гондураса,гондурас
.,UNK
в,в
январе,январь
1969,UNK
года,год
правительство,правительство
отказалось,отказаться
продлить,продлить
заключённый,заключить
в,в
1967,UNK
году,год
двусторонний,двусторонний
договор,договор
с,с
сальвадором,сальвадор
об,о
иммиграции,иммиграция
.,UNK
в,в
апреле,апрель
оно,оно
заявило,заявить
о,о
намерении,намерение
лишать,лишать
собственности,собственность
и,и
высылать,высылать
из,из
страны,страна
тех,тот
",",UNK
кто,кто
приобрёл,приобрести
землю,земля
в,в
рамках,рамка
аграрной,аграрный
реформы,реформа
",",UNK
не,не
предоставив,предоставить
требуемые,требовать
законом,закон
доказательства,доказательство
того,тот
",",UNK
что,что
приобретатель,приобретатель
является,являться
гражданином,гражданин
гондураса,гондурас
по,по
рождению,рождение
.,UNK
в,в
средствах,средство
массовой,массовый
информации,информация
была,быть
развёрнута,развернуть
кампания,кампания
",",UNK
объясняющая,объяснять
рост,рост
безработицы,безработица
и,и
снижение,снижение
зарплат,зарплата
наплывом,наплыв
рабочих-мигрантов,UNK
из,из
сальвадора,сальвадор
.,UNK
в,в
апреле,апрель
1969,UNK
года,год
в,в
гондурасе,гондурас
начали,начать
массово,массово
выселять,выселять
и,и
депортировать,депортировать
сальвадорских,сальвадорский
поселенцев,поселенец
и,и
мигрантов,мигрант
.,UNK
в,в
конце,конец
мая,май
из,из
гондураса,гондурас
в,в
перенаселённый,перенаселить
сальвадор,сальвадор
потянулся,потянуться
поток,поток
лишённых,лишенный
собственности,собственность
мигрантов,мигрант
.,UNK
изображения,изображение
беженцев,беженец
и,и
их,их
рассказы,рассказ
заполнили,заполнить
страницы,страница
сальвадорских,сальвадорский
газет,газета
и,и
экраны,экран
телевизоров,телевизор
.,UNK
начали,начать
циркулировать,циркулировать
слухи,слух
о,о
насилии,насилие
",",UNK
чинимом,чинить
гондурасскими,гондурасский
военными,военный
при,при
высылке,высылка
иммигрантов,иммигрант
.,UNK
напряжение,напряжение
в,в
отношениях,отношение
между,между
двумя,два
странами,страна
приближалось,приближаться
к,к
критической,критический
точке,точка
.,UNK
государственные,государственный
службы,служба
сальвадора,сальвадор
не,не
справлялись,справляться
с,с
потоком,поток
согнанных,согнать
с,с
земли,земля
беженцев,беженец
;,UNK
в,в
обществе,общество
росло,расти
недовольство,недовольство
",",UNK
грозившее,грозить
вылиться,вылиться
в,в
социальный,социальный
взрыв,взрыв
.,UNK
доверие,доверие
к,к
правительству,правительство
падало,падать
;,UNK
успех,успех
в,в
конфликте,конфликт
с,с
гондурасом,гондурас
мог,мочь
помочь,помочь
ему,он
вернуть,вернуть
себе,себя
поддержку,поддержка
населения,население
.,UNK
=,UNK
=,UNK
накануне,накануне
войны,война
=,UNK
=,UNK
инцидент,инцидент
",",UNK
спровоцировавший,спровоцировать
открытые,открытый
военные,военный
действия,действие
и,и
давший,дать
войне,война
название,название
",",UNK
произошёл,произойти
в,в
сан-сальвадоре,UNK
в,в
июне,июнь
1969,UNK
года,год
.,UNK
в,в
течение,течение
месяца,месяц
футбольные,футбольный
команды,команда
двух,два
стран,страна
должны,должный
были,быть
провести,провести
два,два
матча,матч
за,за
выход,выход
в,в
финальную,финальный
часть,часть
чемпионата,чемпионат
мира,мир
по,по
футболу,футбол
1970,UNK
года,год
(,UNK
в,в
случае,случай
",",UNK
если,если
каждая,каждый
сборная,сборная
выиграла,выиграть
бы,бы
по,по
одному,один
матчу,матч
",",UNK
назначался,назначаться
третий,третий
),UNK
.,UNK
беспорядки,беспорядок
возникали,возникать
и,и
во,в
время,время
первого,первый
матча,матч
в,в
тегусигальпе,тегусигальпа
",",UNK
и,и
после,после
него,он
(,UNK
некая,некий
гражданка,гражданка
сальвадора,сальвадор
застрелилась,застрелиться
",",UNK
заявив,заявить
",",UNK
что,что
не,не
может,мочь
пережить,пережить
такого,такой
позора,позор
своей,свой
страны,страна
),UNK
",",UNK
а,а
во,в
время,время
второго,второй
матча,матч
в,в
сан-сальвадоре,UNK
они,они
достигли,достигнуть
угрожающих,угрожать
масштабов,масштаб
.,UNK
в,в
сальвадоре,сальвадор
были,быть
избиты,избить
гондурасские,гондурасский
футболисты,футболист
и,и
болельщики,болельщик
",",UNK
сожжены,сжечь
гондурасские,гондурасский
флаги,флаг
;,UNK
по,по
гондурасу,гондурас
прокатилась,прокатиться
ответная,ответный
волна,волна
нападений,нападение
на,на
сальвадорцев,сальвадорец
",",UNK
включая,включая
двух,два
вице-консулов,UNK
.,UNK
15,UNK
июня,июнь
правительство,правительство
гондураса,гондурас
обратилось,обратиться
в,в
межамериканскую,межамериканский
комиссию,комиссия
по,по
правам,право
человека,человек
с,с
требованием,требование
рассмотреть,рассмотреть
вопрос,вопрос
о,о
нападении,нападение
на,на
граждан,гражданин
гондураса,гондурас
на,на
территории,территория
сальвадора,сальвадор
.,UNK
в,в
ответ,ответ
правительство,правительство
сальвадора,сальвадор
потребовало,потребовать
рассмотреть,рассмотреть
вопрос,вопрос
о,о
нападениях,нападение
на,на
сальвадорцев,сальвадорец
на,на
территории,территория
гондураса,гондурас
.,UNK
эмоции,эмоция
накалились,накалиться
до,до
предела,предел
",",UNK
в,в
прессе,пресса
обеих,оба
стран,страна
поднялась,подняться
настоящая,настоящий
истерия,истерия
.,UNK
20,UNK
июня,июнь
правительство,правительство
гондураса,гондурас
заявило,заявить
протест,протест
против,против
оскорбительного,оскорбительный
поведения,поведение
публики,публика
на,на
стадионе,стадион
во,в
время,время
футбольного,футбольный
матча,матч
15,UNK
июня,июнь
1969,UNK
года,год
.,UNK
в,в
ответ,ответ
министр,министр
иностранных,иностранный
дел,дело
сальвадора,сальвадор
выступил,выступить
с,с
заявлением,заявление
",",UNK
что,что
сальвадорские,сальвадорский
граждане,гражданин
подвергаются,подвергаться
преследованиям,преследование
в,в
гондурасе,гондурас
",",UNK
их,их
жизнь,жизнь
и,и
собственность,собственность
находятся,находиться
под,под
угрозой,угроза
",",UNK
и,и
что,что
880,UNK
сальвадорцев,сальвадорец
уже,уже
бежали,бежать
из,из
гондураса,гондурас
в,в
сальвадор,сальвадор
.,UNK
24,UNK
июня,июнь
сальвадор,сальвадор
начал,начать
мобилизацию,мобилизация
вооружённых,вооружить
сил,сила
.,UNK
26,UNK
июня,июнь
сальвадор,сальвадор
объявил,объявить
о,о
прекращении,прекращение
дипломатических,дипломатический
отношений,отношение
с,с
гондурасом,гондурас
.,UNK
27,UNK
июня,июнь
",",UNK
сразу,сразу
после,после
поражения,поражение
в,в
третьем,третий
матче,матч
",",UNK
в,в
котором,который
хосе,хосе
антонио,антонио
кинтанилья,кинтанилья
забил,забить
победный,победный
гол,гол
",",UNK
гондурас,гондурас
разорвал,разорвать
дипломатические,дипломатический
отношения,отношение
с,с
сальвадором,сальвадор
.,UNK
в,в
целом,целое
",",UNK
с,с
обеих,оба
сторон,сторона
с,с
начала,начало
«,UNK
футбольного,футбольный
кризиса,кризис
»,UNK
6,UNK
июня,июнь
до,до
27,UNK
июня,июнь
1969,UNK
года,год
жертвами,жертва
конфликта,конфликт
стали,стать
120,UNK
человек,человек
",",UNK
а,а
материальные,материальный
потери,потеря
составили,составить
50,UNK
млн,млн
долларов,доллар
сша,сша
;,UNK
11,UNK
600,UNK
беженцев-сальвадорцев,UNK
из,из
гондураса,гондурас
были,быть
размещены,разместить
в,в
лагерях,лагерь
в,в
приграничных,приграничный
районах,район
сальвадора,сальвадор
.,UNK
3,UNK
июля,июль
сначала,сначала
транспортный,транспортный
самолёт,самолет
dc-3,UNK
",",UNK
а,а
затем,затем
два,два
вылетевших,вылететь
к,к
границе,граница
штурмовика,штурмовик
t-28,UNK
ввс,ввс
гондураса,гондурас
были,быть
обстреляны,обстрелять
зенитной,зенитный
артиллерией,артиллерия
с,с
территории,территория
сальвадора,сальвадор
;,UNK
позднее,поздний
в,в
этот,этот
же,же
день,день
сальвадорский,сальвадорский
лёгкий,легкий
самолёт,самолет
piper,piper
pa-28,UNK
«,UNK
cherokee,cherokee
»,UNK
(,UNK
бортовой,бортовой
номер,номер
ys-234,UNK
p,p
),UNK
нарушил,нарушить
воздушное,воздушный
пространство,пространство
гондураса,гондурас
",",UNK
ушёл,уйти
от,от
преследования,преследование
двух,два
вылетевших,вылететь
на,на
перехват,перехват
гондурасских,гондурасский
t-28,UNK
и,и
вернулся,вернуться
в,в
воздушное,воздушный
пространство,пространство
сальвадора,сальвадор
.,UNK
в,в
ответ,ответ
12,UNK
июля,июль
правительство,правительство
гондураса,гондурас
перебросило,перебросить
несколько,несколько
боевых,боевой
самолётов,самолет
к,к
границе,граница
с,с
сальвадором,сальвадор
",",UNK
разместив,разместить
их,они
на,на
авиабазе,авиабаза
в,в
сан-педро-сула,UNK
(,UNK
здесь,здесь
было,быть
развёрнуто,развернуть
северное,северный
командование,командование
ввс,ввс
гондураса,гондурас
—,UNK
comando,comando
norte,norte
de,de
la,la
fuerza,fuerza
aérea,aérea
hondureña,hondureña
),UNK
.,UNK
=,UNK
=,UNK
военные,военный
действия,действие
=,UNK
=,UNK
по,по
некоторым,некоторый
сведениям,сведение
",",UNK
первое,первый
вооружённое,вооруженный
столкновение,столкновение
на,на
линии,линия
границы,граница
произошло,произойти
11,UNK
июля,июль
1969,UNK
года,год
.,UNK
вслед,вслед
за,за
этим,это
12,UNK
июля,июль
президент,президент
гондураса,гондурас
объявил,объявить
о,о
перемещении,перемещение
к,к
границе,граница
дополнительных,дополнительный
армейских,армейский
подразделений,подразделение
.,UNK
по,по
данным,данные
японской,японский
газеты,газета
«,UNK
асахи,асахи
симбун,симбун
»,UNK
",",UNK
столкновение,столкновение
сальвадорских,сальвадорский
и,и
гондурасских,гондурасский
военнослужащих,военнослужащий
в,в
районе,район
линии,линия
границы,граница
произошло,произойти
12,UNK
июля,июль
1969,UNK
года,год
",",UNK
после,после
чего,что
между,между
ними,они
произошла,произойти
перестрелка,перестрелка
",",UNK
но,но
позднее,поздний
правительство,правительство
сальвадора,сальвадор
выступило,выступить
с,с
официальным,официальный
сообщением,сообщение
",",UNK
что,что
стрельба,стрельба
в,в
районе,район
селения,селение
эль-пой,UNK
возле,возле
границы,граница
между,между
сальвадором,сальвадор
и,и
гондурасом,гондурас
началась,начаться
ранним,ранний
утром,утро
13,UNK
июля,июль
1969,UNK
года,год
.,UNK
14,UNK
июля,июль
",",UNK
во,в
второй,второй
половине,половина
дня,день
",",UNK
сальвадорские,сальвадорский
вооружённые,вооруженный
силы,сила
перешли,перейти
в,в
наступление,наступление
",",UNK
в,в
котором,который
участвовали,участвовать
пять,пять
пехотных,пехотный
батальонов,батальон
и,и
девять,девять
рот,рота
национальной,национальный
гвардии,гвардия
",",UNK
сведённые,свести
в,в
две,два
боевые,боевой
группы,группа
под,под
командованием,командование
генерала,генерал
хосе,хосе
альберто,альберто
медрано,медрано
.,UNK
наступление,наступление
развивалось,развиваться
вдоль,вдоль
основных,основный
дорог,дорога
",",UNK
соединяющих,соединять
две,два
страны,страна
",",UNK
в,в
направлении,направление
городов,город
грасьяс,грасьяс
и,и
нуэва-окотепеке,UNK
.,UNK
одновременно,одновременно
сальвадорские,сальвадорский
ввс,ввс
нанесли,нанести
удары,удар
по,по
аэродрому,аэродром
«,UNK
тонконтин,тонконтина
»,UNK
в,в
тегусигальпе,тегусигальпа
",",UNK
скоплениям,скопление
гондурасских,гондурасский
войск,войско
в,в
районе,район
границы,граница
",",UNK
а,а
также,также
по,по
целям,цель
на,на
принадлежащих,принадлежать
гондурасу,гондурас
островах,остров
в,в
заливе,залив
фонсека,фонсек
(,UNK
при,при
этом,это
один,один
из,из
участвовавших,участвовать
в,в
авианалёте,авианалет
сальвадорских,сальвадорский
истребителей,истребитель
",",UNK
tf-51,UNK
d,d
совершил,совершить
вынужденную,вынудить
посадку,посадка
на,на
территории,территория
гватемалы,гватемала
и,и
был,быть
интернирован,интернировать
),UNK
.,UNK
правительство,правительство
гондураса,гондурас
выступило,выступить
с,с
сообщением,сообщение
",",UNK
что,что
в,в
этот,этот
день,день
самолёты,самолет
сальвадорских,сальвадорский
ввс,ввс
бомбили,бомбить
населённые,населенный
пункты,пункт
нуэва-окотепеке,UNK
",",UNK
санта-роса-де-копан,UNK
",",UNK
грасьяс,грасьяс
и,и
чолутека,чолутека
.,UNK
в,в
ответ,ответ
в,в
ночь,ночь
на,на
15,UNK
июля,июль
гондурасские,гондурасский
самолёты,самолет
атаковали,атаковать
авиабазу,авиабаза
илопанго,илопанго
",",UNK
повредив,повредить
взлётно-посадочную,UNK
полосу,полоса
и,и
серьёзно,серьезно
повредив,повредить
нефтехранилища,нефтехранилище
.,UNK
после,после
этого,это
правительство,правительство
сальвадора,сальвадор
ввело,ввести
на,на
территории,территория
страны,страна
режим,режим
осадного,осадный
положения,положение
сроком,срок
30,UNK
дней,день
.,UNK
в,в
ходе,ход
наземной,наземный
операции,операция
сальвадорским,сальвадорский
войскам,войско
поначалу,поначалу
сопутствовал,сопутствовать
успех,успех
.,UNK
к,к
вечеру,вечер
15,UNK
июля,июль
сальвадорская,сальвадорский
армия,армия
",",UNK
более,более
многочисленная,многочисленный
и,и
лучше,лучше
вооружённая,вооруженный
",",UNK
чем,чем
противостоящая,противостоять
ей,она
армия,армия
гондураса,гондурас
",",UNK
продвинулась,продвинуться
на,на
8,UNK
км,км
и,и
заняла,занять
два,два
населённых,населенный
пункта,пункт
.,UNK
впоследствии,впоследствии
",",UNK
впрочем,впрочем
",",UNK
сальвадорское,сальвадорский
наступление,наступление
захлебнулось,захлебнуться
из-за,UNK
недостатка,недостаток
топлива,топливо
и,и
боеприпасов,боеприпас
",",UNK
а,а
также,также
усилившегося,усилиться
противодействия,противодействие
со,с
стороны,сторона
гондурасских,гондурасский
вооружённых,вооруженный
сил,сила
.,UNK
на,на
следующий,следующий
день,день
после,после
начала,начало
войны,война
была,быть
собрана,собрать
чрезвычайная,чрезвычайный
сессия,сессия
организации,организация
американских,американский
государств,государство
",",UNK
призвавшая,призвать
к,к
прекращению,прекращение
огня,огонь
и,и
выводу,вывод
сальвадорских,сальвадорский
войск,войско
из,из
гондураса,гондурас
.,UNK
16,UNK
июля,июль
в,в
приграничных,приграничный
районах,район
продолжались,продолжаться
бои,бой
между,между
частями,часть
сальвадорской,сальвадорский
и,и
гондурасской,гондурасский
армий,армия
",",UNK
кроме,кроме
того,тот
",",UNK
части,часть
гондурасской,гондурасский
армии,армия
предприняли,предпринять
попытку,попытка
контрнаступления,контрнаступление
с,с
целью,цель
захватить,захватить
город,город
чалатенанго,чалатенанго
.,UNK
в,в
течение,течение
дня,день
",",UNK
по,по
прямому,прямой
приказу,приказ
военного,военный
командования,командование
",",UNK
из,из
тегусигальпы,тегусигальпа
в,в
санта-роса-де-копан,UNK
по,по
воздуху,воздух
был,быть
переброшен,перебросить
батальон,батальон
президентской,президентский
гвардии,гвардия
(,UNK
guardia,guardia
de,de
honor,honor
battalion,battalion
),UNK
",",UNK
в,в
операции,операция
были,быть
задействованы,задействовать
4,UNK
транспортных,транспортный
самолёта,самолет
c-47,UNK
",",UNK
а,а
также,также
сопровождавшие,сопровождать
их,они
пять,пять
истребителей,истребитель
f,f
4,UNK
u,u
и,и
несколько,несколько
штурмовиков,штурмовик
t-28,UNK
a,a
к,к
17,UNK
июля,июль
сальвадорские,сальвадорский
войска,войско
продвинулись,продвинуться
до,до
70,UNK
км,км
в,в
глубину,глубина
территории,территория
гондураса,гондурас
",",UNK
в,в
это,это
же,же
время,время
продолжались,продолжаться
ожесточённые,ожесточить
бои,бой
за,за
столицу,столица
департамента,департамент
—,UNK
город,город
нуэва,нуэв
окотепеке,окотепек
",",UNK
расположенный,расположить
в,в
8,UNK
км,км
от,от
границы,граница
.,UNK
правительство,правительство
гондураса,гондурас
сделало,сделать
заявление,заявление
о,о
том,тот
",",UNK
что,что
в,в
воздушном,воздушный
бою,бой
сбит,сбить
один,один
самолёт,самолет
ввс,ввс
сальвадора,сальвадор
",",UNK
а,а
правительство,правительство
сальвадора,сальвадор
заявило,заявить
",",UNK
что,что
были,быть
сбиты,сбить
четыре,четыре
самолёта,самолет
ввс,ввс
гондураса,гондурас
.,UNK
около,около
12,UNK
часов,час
дня,день
три,три
истребителя,истребитель
f,f
4,UNK
u-5,UNK
n,n
военно-воздушных,UNK
сил,сила
гондураса,гондурас
",",UNK
вылетевшие,вылететь
для,для
нанесения,нанесение
удара,удар
по,по
позициям,позиция
сальвадорской,сальвадорский
артиллерии,артиллерия
в,в
районе,район
эль-аматильо,UNK
",",UNK
встретились,встретиться
с,с
двумя,два
истребителями,истребитель
f-51,UNK
d,d
«,UNK
cavalier,cavalier
mustang,mustang
»,UNK
ii,ii
военно-воздушных,UNK
сил,сила
сальвадора,сальвадор
",",UNK
вылетевшими,вылетевшими
для,для
поддержки,поддержка
действий,действие
9-го,UNK
пехотного,пехотный
батальона,батальон
сальвадорской,сальвадорский
армии,армия
.,UNK
в,в
ходе,ход
боя,бой
был,быть
сбит,сбить
сальвадорский,сальвадорский
f-51,UNK
d,d
(,UNK
бортовой,бортовой
номер,номер
fas-404,UNK
),UNK
.,UNK
позднее,поздний
в,в
этот,этот
же,же
день,день
в,в
воздушном,воздушный
бою,бой
с,с
тремя,три
f,f
4,UNK
u-5,UNK
n,n
военно-воздушных,UNK
сил,сила
гондураса,гондурас
были,быть
сбиты,сбить
ещё,еще
два,два
сальвадорских,сальвадорский
истребителя,истребитель
goodyear,goodyear
fg-1,UNK
d,d
«,UNK
corsair,corsair
s,s
»,UNK
(,UNK
fas-203,UNK
и,и
fas-204,UNK
),UNK
",",UNK
а,а
четвёртый,четвертый
сальвадорский,сальвадорский
fg-1,UNK
d,d
был,быть
сбит,сбить
огнём,огонь
с,с
земли,земля
.,UNK
18,UNK
июля,июль
оаг,оаг
предложила,предложить
проект,проект
соглашения,соглашение
об,о
урегулировании,урегулирование
конфликта,конфликт
",",UNK
в,в
соответствии,соответствие
с,с
которым,который
боевые,боевой
действия,действие
должны,должный
были,быть
быть,быть
прекращены,прекратить
в,в
срок,срок
до,до
22,UNK
:,UNK
00,UNK
часов,час
21,UNK
июля,июль
1969,UNK
года,год
",",UNK
войска,войско
сторон,сторона
—,UNK
отведены,отвести
на,на
расстояние,расстояние
в,в
три,три
мили,миля
(,UNK
5,UNK
км,км
),UNK
от,от
линии,линия
границы,граница
",",UNK
а,а
населению,население
в,в
зоне,зона
боевых,боевой
действий,действие
должны,должный
быть,быть
предоставлены,предоставить
гарантии,гарантия
защиты,защита
жизни,жизнь
и,и
имущества,имущество
.,UNK
сальвадор,сальвадор
и,и
гондурас,гондурас
выступили,выступить
с,с
заявлениями,заявление
",",UNK
что,что
в,в
целом,целое
они,они
готовы,готовый
принять,принять
предложение,предложение
оаг,оаг
",",UNK
однако,однако
предложили,предложить
внести,внести
в,в
текст,текст
соглашения,соглашение
поправки,поправка
",",UNK
обсуждение,обсуждение
которых,который
затянуло,затянуть
переговорный,переговорный
процесс,процесс
.,UNK
18,UNK
июля,июль
стороны,сторона
согласились,согласиться
на,на
прекращение,прекращение
огня,огонь
",",UNK
которое,который
продолжалось,продолжаться
в,в
течение,течение
шести,шесть
часов,час
",",UNK
затем,затем
боевые,боевой
действия,действие
возобновились,возобновиться
:,UNK
сальвадорская,сальвадорский
артиллерия,артиллерия
открыла,открыть
огонь,огонь
по,по
позициям,позиция
гондурасских,гондурасский
войск,войско
в,в
районе,район
эль-аматильо,UNK
",",UNK
а,а
девять,девять
гондурасских,гондурасский
самолётов,самолет
начали,начать
бомбить,бомбить
позиции,позиция
сальвадорских,сальвадорский
войск,войско
",",UNK
самолёты,самолет
ввс,ввс
гондураса,гондурас
несколько,несколько
раз,раз
бомбили,бомбить
позиции,позиция
сальвадорских,сальвадорский
войск,войско
авиабомбами,авиабомба
с,с
напалмом,напалм
.,UNK
по,по
предварительным,предварительный
подсчётам,подсчет
",",UNK
в,в
период,период
с,с
14,UNK
по,по
18,UNK
июля,июль
",",UNK
за,за
пять,пять
первых,первый
дней,день
конфликта,конфликт
",",UNK
погибло,погибнуть
около,около
трёх,три
тысяч,тысяча
граждан,гражданин
гондураса,гондурас
и,и
около,около
тысячи,тысяча
граждан,гражданин
сальвадора,сальвадор
.,UNK
19,UNK
июля,июль
сальвадорские,сальвадорский
войска,войско
захватили,захватить
город,город
нуэва,нуэв
окотепеке,окотепек
и,и
подняли,поднять
сальвадорский,сальвадорский
флаг,флаг
на,на
центральной,центральный
площади,площадь
города,город
.,UNK
в,в
этот,этот
же,же
день,день
президент,президент
сальвадора,сальвадор
",",UNK
генерал,генерал
санчес,санчес
эрнандес,эрнандес
",",UNK
заявил,заявить
",",UNK
что,что
войска,войско
не,не
уйдут,уйти
с,с
занятой,занять
ими,они
территории,территория
",",UNK
пока,пока
правительство,правительство
гондураса,гондурас
не,не
даст,дать
гарантии,гарантия
безопасности,безопасность
для,для
280,UNK
тысяч,тысяча
сальвадорцев,сальвадорец
",",UNK
проживающих,проживать
на,на
территории,территория
гондураса,гондурас
.,UNK
в,в
город,город
въехали,въехать
три,три
танка,танк
m,m
3,UNK
a,a
1,UNK
«,UNK
стюарт,стюарт
»,UNK
сальвадорской,сальвадорский
армии,армия
",",UNK
которые,который
были,быть
размещены,разместить
неподалёку,неподалеку
от,от
позиций,позиция
гондурасской,гондурасский
армии,армия
.,UNK
в,в
этот,этот
же,же
день,день
подразделение,подразделение
гондурасской,гондурасский
армии,армия
отбило,отбить
атаку,атака
сальвадорской,сальвадорский
армии,армия
в,в
районе,район
селения,селение
эль-пой,UNK
.,UNK
кроме,кроме
того,тот
",",UNK
как,как
сообщило,сообщить
правительство,правительство
гондураса,гондурас
",",UNK
самолёты,самолет
ввс,ввс
гондураса,гондурас
сбросили,сбросить
бомбы,бомба
на,на
колонну,колонна
из,из
40,UNK
военных,военный
грузовиков,грузовик
.,UNK
в,в
четыре,четыре
часа,час
по,по
гринвичу,гринвич
вступило,вступить
в,в
силу,сила
перемирие,перемирие
.,UNK
к,к
20,UNK
июля,июль
боевые,боевой
действия,действие
полностью,полностью
прекратились,прекратиться
.,UNK
по,по
состоянию,состояние
на,на
23,UNK
июля,июль
сальвадорские,сальвадорский
войска,войско
продолжали,продолжать
удерживать,удерживать
около,около
400,UNK
км²,UNK
территории,территория
и,и
10,UNK
населённых,населенный
пунктов,пункт
на,на
территории,территория
четырёх,четыре
юго-западных,UNK
департаментов,департамент
гондураса,гондурас
",",UNK
и,и
правительство,правительство
не,не
производило,производить
никакой,никакой
подготовки,подготовка
к,к
их,они
отводу,отвод
—,UNK
напротив,напротив
",",UNK
для,для
них,они
перебрасывали,перебрасывать
дополнительное,дополнительный
снаряжение,снаряжение
.,UNK
в,в
это,это
же,же
время,время
сальвадорские,сальвадорские
печатные,печатный
издания,издание
начали,начать
публиковать,публиковать
документы,документ
",",UNK
которыми,который
обосновывались,обосновываться
права,право
сальвадора,сальвадор
на,на
занятые,занять
территории,территория
.,UNK
после,после
инспекционной,инспекционный
поездки,поездка
по,по
занятой,занять
сальвадорскими,сальвадорский
войсками,войско
территории,территория
гондураса,гондурас
президент,президент
санчес,санчес
вновь,вновь
заявил,заявить
:,UNK
«,UNK
войска,войско
не,не
будут,быть
выведены,вывести
с,с
позиций,позиция
",",UNK
пока,пока
не,не
будут,быть
получены,получить
гарантии,гарантия
для,для
280,UNK
тысяч,тысяча
сальвадорцев,сальвадорец
в,в
гондурасе,гондурас
»,UNK
.,UNK
в,в
течение,течение
следующих,следующий
нескольких,несколько
дней,день
сальвадор,сальвадор
сопротивлялся,сопротивляться
призывам,призыв
оаг,оаг
",",UNK
требуя,требовать
",",UNK
чтобы,чтобы
прежде,прежде
гондурас,гондурас
согласился,согласиться
на,на
выплату,выплата
репараций,репарация
за,за
нападения,нападение
на,на
сальвадорских,сальвадорский
граждан,гражданин
и,и
гарантировал,гарантировать
безопасность,безопасность
сальвадорцев,сальвадорец
",",UNK
остающихся,оставаться
в,в
гондурасе,гондурас
.,UNK
до,до
29,UNK
июля,июль
сальвадор,сальвадор
отказывался,отказываться
вывести,вывести
войска,войско
",",UNK
однако,однако
потом,потом
согласился,согласиться
.,UNK
к,к
такому,такой
решению,решение
его,его
склонили,склонить
",",UNK
с,с
одной,один
стороны,сторона
",",UNK
угрозы,угроза
введения,введение
экономических,экономический
санкций,санкция
со,с
стороны,сторона
оаг,оаг
",",UNK
а,а
с,с
другой,другой
—,UNK
её,ее
предложения,предложение
по,по
размещению,размещение
в,в
гондурасе,гондурас
специальных,специальный
представителей,представитель
оаг,оаг
по,по
контролю,контроль
за,за
безопасностью,безопасность
сальвадорских,сальвадорский
граждан,гражданин
.,UNK
2,UNK
августа,август
1969,UNK
года,год
подразделения,подразделение
армии,армия
сальвадора,сальвадор
покинули,покинуть
территорию,территория
гондураса,гондурас
.,UNK
=,UNK
=,UNK
результаты,результат
войны,война
=,UNK
=,UNK
фактически,фактически
",",UNK
войну,война
проиграли,проиграть
обе,оба
стороны,сторона
.,UNK
военные,военный
расходы,расход
",",UNK
разрушения,разрушение
в,в
ходе,ход
боевых,боевой
действий,действие
",",UNK
закрытие,закрытие
границы,граница
и,и
прекращение,прекращение
торговли,торговля
нанесли,нанести
ущерб,ущерб
экономикам,экономика
и,и
сальвадора,сальвадор
",",UNK
и,и
гондураса,гондурас
.,UNK
в,в
ходе,ход
войны,война
погибли,погибнуть
и,и
получили,получить
ранения,ранение
несколько,несколько
тысяч,тысяча
человек,человек
",",UNK
хотя,хотя
в,в
различных,различный
источниках,источник
приводятся,приводиться
различные,различный
данные,данные
об,о
общем,общий
количестве,количество
жертв,жертва
конфликта,конфликт
:,UNK
от,от
2000,UNK
убитых,убитый
и,и
получивших,получить
тяжёлые,тяжелый
увечья,увечье
до,до
6000,UNK
убитых,убитый
и,и
12,UNK
000,UNK
раненых,раненый
или,или
даже,даже
до,до
6000,UNK
убитых,убитый
и,и
15,UNK
000,UNK
раненых,раненый
.,UNK
при,при
этом,это
большинство,большинство
жертв,жертва
составляли,составлять
мирные,мирный
жители,житель
.,UNK
значительное,значительный
количество,количество
сальвадорцев,сальвадорец
(,UNK
по,по
разным,разный
данным,данные
",",UNK
от,от
60,UNK
до,до
130,UNK
тысяч,тысяча
человек,человек
),UNK
оказались,оказаться
изгнаны,изгнать
или,или
бежали,бежать
из,из
гондураса,гондурас
",",UNK
многие,многий
из,из
них,они
вернулись,вернуться
в,в
сальвадор,сальвадор
",",UNK
что,что
вызвало,вызвать
рост,рост
безработицы,безработица
и,и
усилило,усилить
социальную,социальный
напряжённость,напряженность
.,UNK
обострился,обостриться
земельный,земельный
вопрос,вопрос
.,UNK
при,при
этом,это
правительство,правительство
сальвадора,сальвадор
оказалось,оказаться
неспособно,неспособный
успешно,успешно
решить,решить
экономические,экономический
проблемы,проблема
",",UNK
связанные,связать
с,с
появлением,появление
тысяч,тысяча
депортированных,депортировать
из,из
гондураса,гондурас
граждан,гражданин
в,в
и,и
без,без
того,тот
перенаселённой,перенаселенный
стране,страна
.,UNK
политическое,политический
влияние,влияние
военных,военный
в,в
обеих,оба
странах,страна
усилилось,усилиться
после,после
войны,война
.,UNK
на,на
выборах,выбор
в,в
парламент,парламент
сальвадора,сальвадор
кандидатами,кандидат
от,от
правящей,править
партии,партия
национального,национальный
примирения,примирение
в,в
основном,основный
были,быть
военные,военный
.,UNK
100-часовая,UNK
война,война
стала,стать
одной,один
из,из
причин,причина
протестных,протестный
волнений,волнение
1970-х,UNK
годов,год
",",UNK
которые,который
переросли,перерасти
в,в
открытое,открытый
вооружённое,вооруженный
противостояние,противостояние
",",UNK
а,а
затем,затем
",",UNK
в,в
1979—1980,UNK
годы,год
—,UNK
и,и
в,в
затяжную,затяжной
гражданскую,гражданский
войну,война
.,UNK
убытки,убыток
гондураса,гондурас
от,от
вооружённого,вооруженный
конфликта,конфликт
с,с
сальвадором,сальвадор
составили,составить
около,около
4,UNK
млн,млн
долларов,доллар
сша,сша
",",UNK
однако,однако
разрыв,разрыв
торгово-экономических,UNK
отношений,отношение
с,с
сальвадором,сальвадор
и,и
стихийные,стихийный
бедствия,бедствие
(,UNK
ураган,ураган
«,UNK
франселин,франселина
»,UNK
и,и
наводнения,наводнение
в,в
сентябре,сентябрь
1969,UNK
года,год
),UNK
осложнили,осложнить
положение,положение
в,в
стране,страна
.,UNK
в,в
результате,результат
уже,уже
в,в
октябре,октябрь
1969,UNK
года,год
в,в
столице,столица
и,и
других,другой
городах,город
гондураса,гондурас
прошли,пройти
демонстрации,демонстрация
с,с
призывом,призыв
к,к
восстановлению,восстановление
хороших,хороший
отношений,отношение
с,с
сальвадором,сальвадор
.,UNK
с,с
целью,цель
снизить,снизить
недовольство,недовольство
правительство,правительство
гондураса,гондурас
приступило,приступить
к,к
земельной,земельный
реформе,реформа
(,UNK
проходившей,проходить
медленно,медленно
и,и
имевшей,иметь
ограниченные,ограниченный
масштабы,масштаб
—,UNK
всего,всего
до,до
весны,весна
1984,UNK
года,год
было,быть
перераспределено,перераспределить
230,UNK
тысяч,тысяча
гектаров,гектар
земель,земля
—,UNK
в,в
основном,основный
участки,участок
",",UNK
ранее,ранее
принадлежавшие,принадлежать
сальвадорским,сальвадорский
переселенцам,переселенец
),UNK
.,UNK
=,UNK
=,UNK
дипломатическое,дипломатический
урегулирование,урегулирование
=,UNK
=,UNK
активные,активный
военные,военный
действия,действие
продолжались,продолжаться
четыре,четыре
дня,день
",",UNK
в,в
дальнейшем,дальнейший
рассмотрение,рассмотрение
дела,дело
об,о
определении,определение
линии,линия
границы,граница
между,между
сальвадором,сальвадор
и,и
гондурасом,гондурас
продолжал,продолжать
международный,международный
суд,суд
оон,оон
.,UNK
в,в
декабре,декабрь
1969,UNK
года,год
на,на
границе,граница
между,между
сальвадором,сальвадор
и,и
гондурасом,гондурас
имели,иметь
место,место
вооружённые,вооружить
столкновения,столкновение
.,UNK
в,в
марте,март
1970,UNK
года,год
сальвадор,сальвадор
заявил,заявить
протест,протест
в,в
оон,оон
в,в
связи,связь
с,с
тем,тот
",",UNK
что,что
в,в
порту,порт
амапала,амапала
гондурас,гондурас
уничтожил,уничтожить
грузы,груз
",",UNK
прибывшие,прибыть
для,для
сальвадора,сальвадор
.,UNK
гондурас,гондурас
же,же
выдвинул,выдвинуть
ультиматум,ультиматум
к,к
сальвадору,сальвадор
с,с
требованием,требование
прекратить,прекратить
приграничные,приграничный
инциденты,инцидент
и,и
начать,начать
мирные,мирный
переговоры,переговоры
.,UNK
5,UNK
июня,июнь
1970,UNK
года,год
в,в
городе,город
сан-хосе,UNK
министры,министр
иностранных,иностранный
дел,дело
гондураса,гондурас
и,и
сальвадора,сальвадор
подписали,подписать
соглашение,соглашение
о,о
создании,создание
зоны,зона
безопасности,безопасность
в,в
районе,район
гондурасско-сальвадорской,UNK
границы,граница
.,UNK
в,в
декабре,декабрь
1970,UNK
года,год
парламент,парламент
гондураса,гондурас
утвердил,утвердить
предложение,предложение
президента,президент
страны,страна
о,о
прекращении,прекращение
действия,действие
многосторонних,многосторонний
договоров,договор
",",UNK
заключённых,заключить
со,с
странами,страна
центральной,центральный
америки,америка
и,и
выходе,выход
из,из
центральноамериканского,центральноамериканский
общего,общий
рынка,рынок
",",UNK
результатом,результат
этого,это
решения,решение
стало,стать
прекращение,прекращение
деятельности,деятельность
цаор,цаор
.,UNK
в,в
январе,январь
1971,UNK
года,год
гондурас,гондурас
вышел,выйти
из,из
цаор,цаор
и,и
центральноамериканского,центральноамериканский
совета,совет
обороны,оборона
.,UNK
в,в
апреле—июне,UNK
1971,UNK
года,год
на,на
линии,линия
границы,граница
имели,иметь
место,место
столкновения,столкновение
между,между
сальвадором,сальвадор
и,и
гондурасом,гондурас
.,UNK
13,UNK
июля,июль
1976,UNK
года,год
в,в
ходе,ход
демаркации,демаркация
линии,линия
границы,граница
военнослужащие,военнослужащий
гондураса,гондурас
застрелили,застрелить
двух,два
солдат,солдат
сальвадора,сальвадор
.,UNK
14,UNK
июля,июль
1976,UNK
на,на
границе,граница
между,между
сальвадором,сальвадор
и,и
гондурасом,гондурас
начались,начаться
столкновения,столкновение
",",UNK
приграничный,приграничный
конфликт,конфликт
был,быть
урегулирован,урегулировать
только,только
22,UNK
июля,июль
1976,UNK
года,год
.,UNK
12,UNK
августа,август
1976,UNK
года,год
в,в
манагуа,манагуа
между,между
сальвадором,сальвадор
и,и
гондурасом,гондурас
было,быть
подписано,подписать
соглашение,соглашение
о,о
демилитаризации,демилитаризация
пограничной,пограничный
зоны,зона
и,и
взаимном,взаимный
отводе,отвод
войск,войско
на,на
расстояние,расстояние
3,UNK
км,км
от,от
линии,линия
границы,граница
.,UNK
мирный,мирный
договор,договор
между,между
двумя,два
странами,страна
(,UNK
el,el
tratado,tratado
general,general
de,de
paz,paz
),UNK
был,быть
подписан,подписать
только,только
30,UNK
октября,октябрь
1980,UNK
года,год
в,в
президентском,президентский
дворце,дворец
в,в
столице,столица
перу,перу
лиме,лима
—,UNK
одиннадцать,одиннадцать
лет,год
спустя,спустя
войны,война
.,UNK
линия,линия
границы,граница
между,между
странами,страна
была,быть
окончательно,окончательно
установлена,установить
решением,решение
международного,международный
суда,суд
оон,оон
11,UNK
сентября,сентябрь
1992,UNK
года,год
.,UNK
=,UNK
=,UNK
память,память
=,UNK
=,UNK
в,в
столице,столица
сальвадора,сальвадор
в,в
память,память
о,о
участниках,участник
войны,война
1969,UNK
года,год
была,быть
названа,назвать
улица,улица
бульвар,бульвар
героев,герой
в,в
городе,город
сан,сан
хосе,хосе
де,де
ла,ла
фуэнте,фуэнт
(,UNK
департамент,департамент
ла-уньон,UNK
",",UNK
сальвадор,сальвадор
),UNK
установлен,установить
памятник,памятник
капитану,капитан
гильермо,гильермо
рейнальдо,рейнальдо
кортесу,кортес
(,UNK
guillermo,guillermo
reynaldo,reynaldo
cortez,cortez
),UNK
—,UNK
пилоту,пилот
ввс,ввс
сальвадора,сальвадор
",",UNK
погибшему,погибнуть
в,в
воздушном,воздушный
бою,бой
с,с
истребителями,истребитель
ввс,ввс
гондураса,гондурас
в,в
50-летие,UNK
войны,война
ветераны,ветеран
вооружённых,вооруженный
сил,сила
сальвадора,сальвадор
были,быть
награждены,наградить
нагрудным,нагрудный
знаком,знак
«,UNK
veterano,veterano
por,por
la,la
dignidad,dignidad
nacional,nacional
»,UNK
=,UNK
=,UNK
дополнительная,дополнительный
информация,информация
=,UNK
=,UNK
«,UNK
футбольная,футбольный
война,война
»,UNK
часто,часто
упоминается,упоминаться
как,как
последний,последний
в,в
истории,история
конфликт,конфликт
",",UNK
в,в
котором,который
друг,друг
против,против
друга,друг
сражались,сражаться
винтовые,винтовой
самолёты,самолет
с,с
поршневыми,поршневой
двигателями,двигатель
.,UNK
обе,оба
стороны,сторона
использовали,использовать
американские,американский
самолёты,самолет
времён,время
второй,второй
мировой,мировой
войны,война
:,UNK
p-51,UNK
«,UNK
мустанг,мустанг
»,UNK
",",UNK
f,f
4,UNK
u,u
«,UNK
корсар,корсар
»,UNK
",",UNK
t-28,UNK
«,UNK
троян,троян
»,UNK
и,и
переоборудованные,переоборудовать
в,в
бомбардировщики,бомбардировщик
dc-3,UNK
.,UNK
непосредственно,непосредственно
перед,перед
началом,начало
войны,война
по,по
меньшей,малый
мере,мера
один,один
транспортный,транспортный
самолёт,самолет
c-47,UNK
военно-воздушных,UNK
сил,сила
сальвадора,сальвадор
был,быть
переоборудован,переоборудовать
для,для
использования,использование
в,в
качестве,качество
бомбардировщика,бомбардировщик
(,UNK
бомбы,бомба
были,быть
размещены,разместить
в,в
грузовом,грузовой
отсеке,отсек
),UNK
.,UNK
после,после
начала,начало
войны,война
таким,такой
же,же
образом,образ
были,быть
переоборудованы,переоборудовать
несколько,несколько
c-47,UNK
военно-воздушных,UNK
сил,сила
гондураса,гондурас
.,UNK
помимо,помимо
авиабомб,авиабомба
",",UNK
для,для
бомбардировки,бомбардировка
использовались,использоваться
60-мм,UNK
и,и
81-мм,UNK
миномётные,минометный
мины,мина
.,UNK
=,UNK
=,UNK
=,UNK
результаты,результат
футбольных,футбольный
матчей,матч
=,UNK
=,UNK
=,UNK
6,UNK
июня,июнь
1969,UNK
года,год
",",UNK
тегусигальпа,тегусигальпа
",",UNK
гондурас,гондурас
.,UNK
гондурас,гондурас
—,UNK
сальвадор,сальвадор
5,UNK
:,UNK
2,UNK
(,UNK
3,UNK
:,UNK
1,UNK
после,после
первого,первый
тайма,тайм
),UNK
.,UNK
15,UNK
июня,июнь
1969,UNK
года,год
",",UNK
сан-сальвадор,UNK
.,UNK
сальвадор,сальвадор
—,UNK
гондурас,гондурас
4,UNK
:,UNK
2,UNK
(,UNK
3,UNK
:,UNK
0,UNK
),UNK
.,UNK
матч,матч
плей-офф,UNK
",",UNK
27,UNK
июня,июнь
",",UNK
мехико,мехико
",",UNK
мексика,мексика
.,UNK
сальвадор,сальвадор
—,UNK
гондурас,гондурас
3,UNK
:,UNK
2,UNK
в,в
дополнительное,дополнительный
время,время
(,UNK
1,UNK
:,UNK
"2,",UNK
2,UNK
:,UNK
2,UNK
),UNK
.,UNK
обыграв,обыграть
осенью,осень
в,в
финальном,финальный
этапе,этап
отбора,отбор
гаитян,гаитянин
",",UNK
сборная,сборная
сальвадора,сальвадор
по,по
футболу,футбол
впервые,впервые
в,в
своей,свой
истории,история
вышла,выйти
в,в
финальную,финальный
часть,часть
чемпионата,чемпионат
мира,мир
1970,UNK
года,год
по,по
футболу,футбол
",",UNK
где,где
заняла,занять
последнее,последний
место,место
",",UNK
проиграв,проиграть
всухую,всухую
во,в
всех,весь
матчах,матч
.,UNK
=,UNK
=,UNK
примечания,примечание
=,UNK
=,UNK
=,UNK
=,UNK
литература,литература
=,UNK
=,UNK
николаев,николаев
п,п
.,UNK
и,и
.,UNK
сальвадорско-гондурасская,UNK
драма,драма
/,UNK
/,UNK
«,UNK
латинская,латинский
америка,америка
»,UNK
:,UNK
журнал,журнал
.,UNK
—,UNK
1970,UNK
.,UNK
—,UNK
№,UNK
6,UNK
.,UNK
ryszard,ryszard
kapuściński,kapuściński
.,UNK
wojna,wojna
futbolowa,futbolowa
.,UNK
warszawa,warszawa
",",UNK
1978.,UNK
262,UNK
strony,strony
.,UNK
(,UNK
пол,пол
.,UNK
),UNK
william,william
h,h
.,UNK
durham,durham
.,UNK
scarcity,scarcity
and,and
survival,survival
in,in
central,central
america,america
:,UNK
ecological,ecological
origins,origins
of,of
the,the
soccer,soccer
war,war
.,UNK
stanford,stanford
(,UNK
california,california
),UNK
",",UNK
stanford,stanford
university,university
press,press
",",UNK
1979,UNK
(,UNK
англ,англ
.,UNK
),UNK
thomas,thomas
p,p
.,UNK
anderson,anderson
.,UNK
the,the
war,war
of,of
the,the
dispossessed,dispossessed
:,UNK
honduras,honduras
and,and
el,el
salvador,salvador
1969,UNK
.,UNK
lincoln,lincoln
:,UNK
university,university
of,of
nebraska,nebraska
press,press
",",UNK
1981,UNK
.,UNK
(,UNK
англ,англ
.,UNK
),UNK
juan,juan
ramón,ramón
martínez,martínez
.,UNK
la,la
guerra,guerra
de,de
1969,UNK
",",UNK
enseñanzas,enseñanzas
y,y
valoraciones,valoraciones
/,UNK
/,UNK
выпуск,выпуск
«,UNK
la,la
tribuna,tribuna
»,UNK
",",UNK
14,UNK
июля,июль
2013,UNK
г,г
.,UNK
максим,максим
райдер,райдер
.,UNK
«,UNK
футбольная,футбольный
война,война
»,UNK
/,UNK
/,UNK
интернет-сайт,UNK
«,UNK
уголок,уголок
неба,небо
»,UNK
(,UNK
подробности,подробность
войны,война
в,в
воздухе,воздух
),UNK
.,UNK
=,UNK
=,UNK
ссылки,ссылка
=,UNK
=,UNK
soccer,soccer
war,war
1969,UNK
/,UNK
/,UNK
интернет-сайт,UNK
«,UNK
armed,armed
conflict,conflict
events,events
database,database
»,UNK
.,UNK
«,UNK
футбольная,футбольный
война,война
»,UNK
/,UNK
/,UNK
интернет-сайт,UNK
conflictologist,conflictologist
.,UNK
org,org
guerra,guerra
de,de
la,la
cien,cien
horas,horas
/,UNK
/,UNK
подшивка,подшивка
посвящённых,посвященных
войне,война
статей,стать
газеты,газета
«,UNK
la,la
prensa,prensa
grafica,grafica
»,UNK
за,за
14—20,UNK
июля,июль
1969,UNK
г,г
.,UNK
land,land
",",UNK
island,island
and,and
maritime,maritime
frontier,frontier
dispute,dispute
(,UNK
el,el
salvador,salvador
/,UNK
honduras,honduras
:,UNK
nicaragua,nicaragua
intervening,intervening
),UNK
(,UNK
summary,summary
of,of
the,the
judgment,judgment
of,of
11,UNK
september,september
1992,UNK
),UNK
футбол,футбол
—,UNK
это,это
война,война
.,UNK
иногда,иногда
вполне,вполне
реальная,реальный
/,UNK
/,UNK
русская,русский
служба,служба
би-би-си,UNK
